page,row,column,uuid,serial,code_type,status,Serial
1,1,1,2ab94a96-88b6-8707-3a58-bd1bff9f81e8,A1-2A,QR,matched,
1,1,2,c8b94a96-895d-fd85-6850-8a831895a997,A1-4A,QR,matched,
1,1,3,0eb94a96-8a29-a825-d9eb-52414d2c70d0,A1-2B,QR,matched,
1,1,4,c0b94a96-8aef-a286-ad9b-aea4120ffff7,A1-4B,QR,matched,
1,1,5,eab94a96-8b8b-5b44-5e30-a0df4b512b29,A1-2C,QR,matched,
1,1,6,e6b94a96-8c20-bffc-20f8-2d76ad3d2d68,A1-4C,QR,matched,
1,1,7,0cb94a96-8cd5-9f57-b7ab-bf795ed90784,A1-2D,QR,matched,
1,1,8,b6b94a96-8d61-040a-3a79-3203bd03e9d8,A1-4D,QR,matched,
1,2,1,8eb94a96-886f-6655-b7fd-799d1cd1f216,A1-1A,QR,matched,
1,2,2,feb94a96-88ff-8380-80c6-294ede0e7051,A1-3A,QR,matched,
1,2,3,60b94a96-89c5-145a-66bd-46277a142cd1,A1-1B,QR,matched,
1,2,4,c2b94a96-8a7c-931e-d633-f5e826fe2434,A1-3B,QR,matched,
1,2,5,b4b94a96-8b3e-f0af-51d6-f850cbbd734b,A1-1C,QR,matched,
1,2,6,3eb94a96-8bd8-f993-b362-af00f4da5bf7,A1-3C,QR,matched,
1,2,7,60b94a96-8c85-b406-f594-72b5de3e99ef,A1-1D,QR,matched,
1,2,8,f4b94a96-8d1d-b523-ea16-6055f2d1c9eb,A1-3D,QR,matched,
2,1,1,e2b94a96-8dee-737e-0440-c995a928fe57,A1-2E,QR,matched,
2,1,2,20b94a96-8e7f-c089-c3dc-0dab57457d7c,A1-4E,QR,matched,
2,1,3,6ab94a96-8f0d-ff79-dc16-cf6376d899f2,A1-2G,QR,matched,
2,1,4,00b94a96-8fbc-a5d2-12dd-6963c4320ebe,A1-4G,QR,matched,
2,1,5,82b94a96-903e-ba0b-6a9e-f2b257ca32f6,A1-2H,QR,matched,
2,1,6,3ab94a96-90d8-8137-ab51-c94e25883ea1,A1-4H,QR,matched,
2,1,7,32b94a96-917f-f452-c3b5-845ff9e9b3ba,A1-2J,QR,matched,
2,1,8,90b94a96-9220-9000-952f-aa0113509aa9,A1-4J,QR,matched,
2,1,9,62cbb20f-d286-ece0-7232-58fbbb7217ed,A1-2K,Aztec,matched,
2,1,10,cccbb20f-d2d2-1c89-1427-3f63fa06ed64,A1-2L,Aztec,matched,
2,2,1,f6b94a96-8dab-63b7-a8a7-f968dc74a016,A1-1E,QR,matched,
2,2,2,bab94a96-8e34-e27c-f632-984d2132e172,A1-3E,QR,matched,
2,2,3,9ab94a96-8ec6-07e1-5c5d-9e8af8c32c91,A1-1G,QR,matched,
2,2,4,2eb94a96-8f6c-b4b1-60be-5bbd9658c941,A1-3G,QR,matched,
2,2,5,76b94a96-8fff-d27f-7653-bcf57497cb26,A1-1H,QR,matched,
2,2,6,e6b94a96-908f-abb2-d5df-94b2ff0ec21c,A1-3H,QR,matched,
2,2,7,1cb94a96-913b-43a1-665f-1c76fe1a4c71,A1-1J,QR,matched,
2,2,8,c6b94a96-91de-e881-13af-a1e01833918a,A1-3J,QR,matched,
2,2,9,7ccbb20f-d1c7-0fec-78f6-7b0ef56272a9,A1-1K,Aztec,matched,
2,2,10,bacbb20f-d228-f0a4-738c-56ea51c2ea4f,A1-1L,Aztec,matched,
3,1,1,eeb94a96-9b31-d047-9cc4-ef6b1631db9b,A2-2A,QR,matched,
3,1,2,e2b94a96-9bc0-b199-43ae-d1d7a1a97b7a,A2-4A,QR,matched,
3,1,3,60b94a96-99e8-09a0-830c-3096b734bca9,A2-2B,QR,matched,
3,1,4,a0b94a96-9a9a-b05c-7c62-b9b309dea683,A2-4B,QR,matched,
3,1,5,16b94a96-98b4-06ef-973b-8faa9441b152,A2-2C,QR,matched,
3,1,6,fcb94a96-9956-559e-3c26-e73f5b030cd1,A2-4C,QR,matched,
3,1,7,22b94a96-9754-cc32-0d5e-66eb47bb339a,A2-2D,QR,matched,
3,1,8,e4b94a96-9804-d790-9afe-62335d8523df,A2-4D,QR,matched,
3,2,1,60b94a96-9ae7-32f2-0048-f5fa513a3fa1,A2-1A,QR,matched,
3,2,2,e6b94a96-9b76-da47-9bde-2bd570551c0f,A2-3A,QR,matched,
3,2,3,aab94a96-99a1-0ea3-d80c-8e484fab6f24,A2-1B,QR,matched,
3,2,4,d0b94a96-9a4e-4daa-0514-57b943e284ee,A2-3B,QR,matched,
3,2,5,f8b94a96-986c-a549-092a-38a6bf0aef37,A2-1C,QR,matched,
3,2,6,90b94a96-9904-7dc0-b2dc-ed71c0459847,A2-3C,QR,matched,
3,2,7,3eb94a96-9707-990c-753a-97fae84b2389,A2-1D,QR,matched,
3,2,8,e8b94a96-97b4-10cc-5c4d-d415fdc97797,A2-3D,QR,matched,
4,1,1,fcb94a96-9631-0969-328b-cf5b06881c5f,A2-2E,QR,matched,
4,1,2,04b94a96-96c6-68d3-17d2-8d70670dc059,A2-4E,QR,matched,
4,1,3,3ab94a96-950c-3884-29ca-d280801bcf8c,A2-2G,QR,matched,
4,1,4,60b94a96-95a5-80c5-a92b-ccb764eecd99,A2-4G,QR,matched,
4,1,5,48b94a96-93df-2062-d494-0d4b44d1e071,A2-2H,QR,matched,
4,1,6,46b94a96-9469-ddf1-9e00-816d4cac40cb,A2-4H,QR,matched,
4,1,7,44b94a96-92ab-66f5-d5dd-99d32b7710e0,A2-2J,QR,matched,
4,1,8,06b94a96-9352-8618-cc95-d2bbc14919e8,A2-4J,QR,matched,
4,1,9,16cbb20f-d230-6753-9401-bb471d9272cb,A2-2K,Aztec,matched,
4,1,10,3ecbb20f-d281-78fc-5064-1029215b730a,A2-2L,Aztec,matched,
4,2,1,dab94a96-95e9-c624-01d2-cdf2bb951b16,A2-1E,QR,matched,
4,2,2,a6b94a96-9679-10e1-da1b-911b46aef82e,A2-3E,QR,matched,
4,2,3,acb94a96-94b4-e1e5-fedb-c6483fc5e299,A2-1G,QR,matched,
4,2,4,ceb94a96-954e-ef3f-c40f-fa0b001df6fe,A2-3G,QR,matched,
4,2,5,ecb94a96-9396-cc65-ceab-0fa7fe5ffbf2,A2-1H,QR,matched,
4,2,6,b8b94a96-942a-67a2-9fea-69dcaf72cfd1,A2-3H,QR,matched,
4,2,7,eeb94a96-9269-eed3-bc5e-b213f3d5c6e9,A2-1J,QR,matched,
4,2,8,d6b94a96-92fc-bcd4-8627-4d6735ed1712,A2-3J,QR,matched,
4,2,9,40cbb20f-d2dd-79d3-88ad-b3febea4ac1d,A2-1K,Aztec,matched,
4,2,10,e6cbb20f-d1c9-1cea-efc8-ade5cca6437b,A2-1L,Aztec,matched,
5,1,1,d6b94a96-9c57-b14c-10ff-4f0fd3ba6c13,A3-2A,QR,matched,
5,1,2,c2b94a96-9ce9-4c89-78c8-8e5aa0c6e97c,A3-4A,QR,matched,
5,1,3,58b94a96-9d73-ae47-5a9b-8fbdee1c5ae2,A3-2B,QR,matched,
5,1,4,f6b94a96-9dfc-7070-db34-dd6c7c171dc5,A3-4B,QR,matched,
5,1,5,0ab94a96-9e8c-bf78-eb8d-d5f0952e05ba,A3-2C,QR,matched,
5,1,6,30b94a96-9f32-4094-81ab-d7f2910b891d,A3-4C,QR,matched,
5,1,7,8eb94a96-9fc3-299c-f72a-b53bc1e59d62,A3-2D,QR,matched,
5,1,8,20b94a96-a063-0745-81f4-1c58c3b95c3f,A3-4D,QR,matched,
5,2,1,0eb94a96-9c09-03c4-55b1-a7cb76a809cc,A3-1A,QR,matched,
5,2,2,34b94a96-9ca4-530c-248e-34f8422716ed,A3-3A,QR,matched,
5,2,3,2ab94a96-9d33-298b-73b9-a61d22bfaf0f,A3-1B,QR,matched,
5,2,4,3cb94a96-9db5-6bfd-3af6-a8590c2873cb,A3-3B,QR,matched,
5,2,5,50b94a96-9e44-03d7-5fb5-e891e8e822c5,A3-1C,QR,matched,
5,2,6,7cb94a96-9ed0-2e32-98f8-8da4f5a6130d,A3-3C,QR,matched,
5,2,7,ceb94a96-9f7c-7548-3fe6-f230cb925650,A3-1D,QR,matched,
5,2,8,72b94a96-a01f-50af-7c39-1a53a787e442,A3-3D,QR,matched,
6,1,1,14b94a96-a0ed-001b-60a2-e9236e80d5b2,A3-2E,QR,matched,
6,1,2,2cb94a96-a177-03cb-6302-9b56c2218eba,A3-4E,QR,matched,
6,1,3,a0b94a96-a214-b874-ec6f-d782d256299b,A3-2G,QR,matched,
6,1,4,f6b94a96-a2a8-e16a-0c7d-9d6bec8dcdb8,A3-4G,QR,matched,
6,1,5,82b94a96-a350-6869-ea29-a10b1233e08e,A3-2H,QR,matched,
6,1,6,2eb94a96-a421-f778-65a7-01b3a2508dc6,A3-4H,QR,matched,
6,1,7,32b94a96-a4bc-678b-91f3-7b6e15bfd7ed,A3-2J,QR,matched,
6,1,8,9eb94a96-a54a-b18b-bb0a-7a9aa70af075,A3-4J,QR,matched,
6,1,9,cccbb20f-d1d2-1c1c-8151-59a248224b27,A3-2K,Aztec,matched,
6,1,10,f6cbb20f-d22c-bd5f-c26c-f3ad8ca36e0f,A3-2L,Aztec,matched,
6,2,1,94b94a96-a0a9-229e-a736-0f6364d68ee3,A3-1E,QR,matched,
6,2,2,60b94a96-a134-1ea1-0c81-aec9500f6bca,A3-3E,QR,matched,
6,2,3,bcb94a96-a1cb-d62b-c099-3adc65c40322,A3-1G,QR,matched,
6,2,4,b0b94a96-a25b-5ad1-8903-32a577ded770,A3-3G,QR,matched,
6,2,5,88b94a96-a2f9-27e9-5124-936987b9b34c,A3-1H,QR,matched,
6,2,6,3cb94a96-a3ae-057b-a630-74d5d5b4da00,A3-3H,QR,matched,
6,2,7,60b94a96-a474-e536-026e-fd54413d4cc3,A3-1J,QR,matched,
6,2,8,aab94a96-a503-ad02-7750-8fbba3a49393,A3-3J,QR,matched,
6,2,9,92cbb20f-d28f-8f3a-a70c-2ac3db84d948,A3-1K,Aztec,matched,
6,2,10,94cbb20f-d2e7-fd60-e55e-420da9677003,A3-1L,Aztec,matched,
7,1,1,acb94a96-9049-3f65-7543-59e2ce3fa44e,A4-2A,QR,matched,
7,1,2,68b94a96-90ed-e62b-5391-049cebfa2471,A4-4A,QR,matched,
7,1,3,0eb94a96-8f10-86e5-7fda-b1bc9c48ea74,A4-2B,QR,matched,
7,1,4,10b94a96-8fa0-914a-0be5-05d5b21a37f8,A4-4B,QR,matched,
7,1,5,20b94a96-8dcc-a28c-2638-f4b3dec01db8,A4-2C,QR,matched,
7,1,6,86b94a96-8e69-1eac-2585-6a2c1c78ea0d,A4-4C,QR,matched,
7,1,7,6cb94a96-8c89-dc67-7da2-fae1007868fd,A4-2D,QR,matched,
7,1,8,82b94a96-8d28-e3f3-e1b6-6d23f8108bde,A4-4D,QR,matched,
7,2,1,dab94a96-8ffc-2d2c-874a-789e5ef4decc,A4-1A,QR,matched,
7,2,2,6eb94a96-90a1-ab44-38ad-e82dcc3ab280,A4-3A,QR,matched,
7,2,3,62b94a96-8ec5-c5d3-dd37-60ba71877bc3,A4-1B,QR,matched,
7,2,4,6cb94a96-8f59-cd2f-aa67-abe4c96b3f14,A4-3B,QR,matched,
7,2,5,84b94a96-8d76-087c-f301-8822cce0ec49,A4-1C,QR,matched,
7,2,6,42b94a96-8e17-45fd-8615-ecf57fac213e,A4-3C,QR,matched,
7,2,7,d6b94a96-8c3b-e7a6-4d04-2286046470a7,A4-1D,QR,matched,
7,2,8,74b94a96-8cdb-faed-706e-9cb7575437fd,A4-3D,QR,matched,
8,1,1,ecb94a96-8b45-4a8a-99f3-b5de1c39239f,A4-2E,QR,matched,
8,1,2,8ab94a96-8be7-7531-f188-389aebce2ee9,A4-4E,QR,matched,
8,1,3,08b94a96-8a15-a13d-e26b-1770ac01fb13,A4-2G,QR,matched,
8,1,4,28b94a96-8aa0-8286-eca6-356ecd65baa9,A4-4G,QR,matched,
8,1,5,40b94a96-88c1-8b3c-cfd8-bf236b3cf0d1,A4-2H,QR,matched,
8,1,6,54b94a96-896e-0704-0032-f66837027293,A4-4H,QR,matched,
8,1,7,e4b94a96-a60c-a82c-9db0-7db714f57b90,A4-2J,QR,matched,
8,1,8,6ab94a96-a6bf-571d-3fb9-0230e21c6981,A4-4J,QR,matched,
8,1,9,2ecbb20f-d2de-acb4-7966-7a75c4f6234d,A4-2K,Aztec,matched,
8,1,10,80cbb20f-d1cb-27e3-7c03-ac0c32aa9b23,A4-2L,Aztec,matched,
8,2,1,54b94a96-8afd-7e06-c0bf-47120281efbe,A4-1E,QR,matched,
8,2,2,34b94a96-8b92-bf88-352c-539298edc0ce,A4-3E,QR,matched,
8,2,3,9eb94a96-89cc-36c7-71c1-f7c353de1dec,A4-1G,QR,matched,
8,2,4,9cb94a96-8a5d-2178-2930-55524fd068d1,A4-3G,QR,matched,
8,2,5,3ab94a96-886c-3c8b-1a27-cb3813d504b6,A4-1H,QR,matched,
8,2,6,b8b94a96-8916-b127-7901-d1e8cdd8b779,A4-3H,QR,matched,
8,2,7,4eb94a96-a5be-57ee-7ef2-d402e97db42b,A4-1J,QR,matched,
8,2,8,bab94a96-a65b-4d30-855a-a5389ae1e6c2,A4-3J,QR,matched,
8,2,9,02cbb20f-d22d-3f36-aaff-db9f6b043b43,A4-1K,Aztec,matched,
8,2,10,10cbb20f-d281-1ebb-1a5b-33fc8d0fdbe1,A4-1L,Aztec,matched,
9,1,1,36b94a96-91c5-0d56-462e-2885ab1d4855,A5-2A,QR,matched,
9,1,2,78b94a96-924f-3a9b-f4d5-46b654a002b3,A5-4A,QR,matched,
9,1,3,6eb94a96-92d9-697f-2c1c-76ba583acec5,A5-2B,QR,matched,
9,1,4,7cb94a96-935e-a627-d9c5-0b0850337d35,A5-4B,QR,matched,
9,1,5,8eb94a96-9400-d5d6-52d9-f9b342a9dbe5,A5-2C,QR,matched,
9,1,6,32b94a96-948e-98cb-2859-21dad9a3da3e,A5-4C,QR,matched,
9,1,7,e0b94a96-952c-6899-cd37-25bdee6ca8f2,A5-2D,QR,matched,
9,1,8,02b94a96-95b3-0670-ab2f-53d78162c919,A5-4D,QR,matched,
9,2,1,4eb94a96-917b-e1c5-c43d-127698be8075,A5-1A,QR,matched,
9,2,2,d8b94a96-9205-35c6-6e14-03e8804a0738,A5-3A,QR,matched,
9,2,3,46b94a96-9296-e803-6ef1-fd00de8d117c,A5-1B,QR,matched,
9,2,4,40b94a96-931b-a2da-3b1f-b3ab8d1dce9f,A5-3B,QR,matched,
9,2,5,40b94a96-93b9-51b3-6dac-da29f4730fce,A5-1C,QR,matched,
9,2,6,30b94a96-944d-30ff-bd14-e996b23bd5ae,A5-3C,QR,matched,
9,2,7,62b94a96-94e8-4d13-5685-5057ad24a76d,A5-1D,QR,matched,
9,2,8,92b94a96-956f-0ab8-e042-e1448425f06a,A5-3D,QR,matched,
10,1,1,b4b94a96-9679-f67a-77a4-ab93a71bfd00,A5-2E,QR,matched,
10,1,2,54b94a96-9730-6ef1-a1af-a6106caf7ee4,A5-4E,QR,matched,
10,1,3,ceb94a96-97bc-223d-e4a0-eaef3b5cb248,A5-2G,QR,matched,
10,1,4,dab94a96-9847-9e6f-4cda-8e0d8b94fd28,A5-4G,QR,matched,
10,1,5,4eb94a96-98cb-1da2-8d07-3222814f59db,A5-2H,QR,matched,
10,1,6,5ab94a96-995d-c76b-98ed-1725e283f3e7,A5-4H,QR,matched,
10,1,7,18b94a96-99f2-9563-5cdf-300f06c14f11,A5-2J,QR,matched,
10,1,8,84b94a96-9a78-0547-2ef2-b6c4736ceb8e,A5-4J,QR,matched,
10,1,9,0ecbb20f-d286-b54b-3a63-2bedd190ba2f,A5-2K,Aztec,matched,
10,1,10,cacbb20f-d2e3-8587-3849-89ad2de9a4f0,A5-2L,Aztec,matched,
10,2,1,04b94a96-9603-3a42-4f34-d576a705f3d2,A5-1E,QR,matched,
10,2,2,c8b94a96-96c8-23ce-30ef-b594a3ec51f6,A5-3E,QR,matched,
10,2,3,82b94a96-9779-eb9d-b95b-3502e7a13e2d,A5-1G,QR,matched,
10,2,4,a0b94a96-9804-0460-b2ba-7022233ad938,A5-3G,QR,matched,
10,2,5,fab94a96-9889-93a2-b958-dec377302b03,A5-1H,QR,matched,
10,2,6,f6b94a96-9919-d45d-ee3e-6fd737b5508a,A5-3H,QR,matched,
10,2,7,34b94a96-99a3-3859-33db-d82f2519862e,A5-1J,QR,matched,
10,2,8,a4b94a96-9a35-5358-87e3-6a8dce1bc34c,A5-3J,QR,matched,
10,2,9,96cbb20f-d1d4-059b-f6e0-c78c77966ba6,A5-1K,Aztec,matched,
10,2,10,f8cbb20f-d22c-ad11-b665-4cccb10c24da,A5-1L,Aztec,matched,
11,1,1,bcb94a96-a308-08b9-9c18-c551b4c9457b,A6-2A,QR,matched,
11,1,2,bab94a96-a38f-5405-fa85-5e935ab81b96,A6-4A,QR,matched,
11,1,3,1ab94a96-a1e5-a787-9259-922907f04b13,A6-2B,QR,matched,
11,1,4,36b94a96-a275-d10f-088c-c713365f8256,A6-4B,QR,matched,
11,1,5,beb94a96-a0c4-fb3a-06dd-42b68d04dbdb,A6-2C,QR,matched,
11,1,6,a8b94a96-a14e-acc1-3148-66375376823a,A6-4C,QR,matched,
11,1,7,50b94a96-9f9a-6a91-34ed-1176b8f4f011,A6-2D,QR,matched,
11,1,8,08b94a96-a032-292c-6a23-950ebc44cfaf,A6-4D,QR,matched,
11,2,1,a6b94a96-a2ba-36b1-ac7e-34a7d66bb80a,A6-1A,QR,matched,
11,2,2,66b94a96-a34a-120e-922e-3edcb9765cf6,A6-3A,QR,matched,
11,2,3,44b94a96-a1a4-ef8c-63a1-389196e7b3ba,A6-1B,QR,matched,
11,2,4,e8b94a96-a22d-35b2-e3f5-09c44d2fc810,A6-3B,QR,matched,
11,2,5,2eb94a96-a07e-be14-212f-b5f9f0ea009f,A6-1C,QR,matched,
11,2,6,94b94a96-a103-b8f8-9fbd-ba90454d54d1,A6-3C,QR,matched,
11,2,7,20b94a96-9f51-24df-e0d7-a45d0449f6a1,A6-1D,QR,matched,
11,2,8,d2b94a96-9fdd-ab36-9d66-a79ba5e297d2,A6-3D,QR,matched,
12,1,1,6cb94a96-9e83-fe62-25b9-f6f4d406a7f0,A6-2E,QR,matched,
12,1,2,4cb94a96-9f08-ed43-525a-1ed72fe9cdab,A6-4E,QR,matched,
12,1,3,1eb94a96-9d6b-875a-bb50-0157de16df54,A6-2G,QR,matched,
12,1,4,12b94a96-9df0-77c7-e0f0-705e1691b4e5,A6-4G,QR,matched,
12,1,5,22b94a96-9c20-fb29-5fdb-a1f4a0a0ce2c,A6-2H,QR,matched,
12,1,6,4eb94a96-9cb7-ca05-c9a5-9e7bfa4c5fd1,A6-4H,QR,matched,
12,1,7,3cb94a96-9b04-706d-f529-d964b7e8fd23,A6-2J,QR,matched,
12,1,8,20b94a96-9b8d-0935-b2e3-d7f96b903be7,A6-4J,QR,matched,
12,1,9,eccbb20f-d43c-9da3-a67e-48c839e3e3c5,A6-2K,Aztec,matched,
12,1,10,18cbb20f-d49f-36ea-a104-532d2fbf4774,A6-2L,Aztec,matched,
12,2,1,2ab94a96-9e33-e0d3-fc5b-2f08e47b2a68,A6-1E,QR,matched,
12,2,2,48b94a96-9ec6-469c-0c47-0df628bc5c08,A6-3E,QR,matched,
12,2,3,60b94a96-9d23-9259-1c6f-1bc70b3b9bcc,A6-1G,QR,matched,
12,2,4,18b94a96-9dae-d704-eab2-dd3fb09aeb0b,A6-3G,QR,matched,
12,2,5,a0b94a96-9bd3-54d3-e867-19494d15aecf,A6-1H,QR,matched,
12,2,6,82b94a96-9c74-9e6c-a56e-f0391483b1bd,A6-3H,QR,matched,
12,2,7,fab94a96-9abe-2845-c903-522ec3520305,A6-1J,QR,matched,
12,2,8,84b94a96-9b46-4930-5992-b61f5b363d27,A6-3J,QR,matched,
12,2,9,f0cbb20f-d379-1d7a-cfeb-25c1d3e0ff19,A6-1K,Aztec,matched,
12,2,10,34cbb20f-d3d4-653e-9fc6-6ed22da9bca9,A6-1L,Aztec,matched,
13,1,1,04b94a96-a49b-b0cd-7301-fd4aae3cf5fb,A7-2A,QR,matched,
13,1,2,64b94a96-a536-df44-1daa-92b7260b5bab,A7-4A,QR,matched,
13,1,3,fab94a96-a5bc-723a-5629-3358a94a0cc0,A7-2B,QR,matched,
13,1,4,c0b94a96-88bd-4680-9520-ead142620c14,A7-4B,QR,matched,
13,1,5,30b94a96-895e-0422-97d8-7d52f947503a,A7-2C,QR,matched,
13,1,6,beb94a96-8a02-3bb8-eca5-70e275a15ae5,A7-4C,QR,matched,
13,1,7,8ab94a96-8ac1-d4b5-18fb-ad29f7f968fd,A7-2D,QR,matched,
13,2,1,acb94a96-a457-961f-1770-cb5e8a5615c8,A7-1A,QR,matched,
13,2,2,dab94a96-a4ec-b15c-962c-623d5582ae7c,A7-3A,QR,matched,
13,2,3,6eb94a96-a57b-48e4-5cba-801dfed06109,A7-1B,QR,matched,
13,2,4,48b94a96-886c-06a0-5be1-dc6eb7669ede,A7-3B,QR,matched,
13,2,5,c8b94a96-8906-abe4-885b-21f4aa34a21d,A7-1C,QR,matched,
13,2,6,92b94a96-89ab-f5dd-1468-a70d19db165e,A7-3C,QR,matched,
13,2,7,90b94a96-8a64-4d4c-c4d5-4377b6d722c8,A7-1D,QR,matched,
14,1,1,16b94a96-8b5f-e23f-ad1b-683fde96b63c,A7-2E,QR,matched,
14,1,2,a8b94a96-8c78-8c98-9a03-6ca21ec9ac7e,A7-4E,QR,matched,
14,1,3,0eb94a96-8d07-dc68-7094-72ba04cc6e97,A7-2G,QR,matched,
14,1,4,e4b94a96-8d93-bbad-87ff-f637c30c3271,A7-4G,QR,matched,
14,1,5,34b94a96-8e1e-c394-e7eb-0f540c5f1a35,A7-2H,QR,matched,
14,1,6,98b94a96-8ea9-901f-d00f-5362a4771997,A7-4H,QR,matched,
14,1,7,7ab94a96-8f48-9bb5-e5c4-9e630957d098,A7-2J,QR,matched,
14,1,8,14cbb20f-d3d2-af09-93a7-c950027e7cd7,A7-4J,QR,matched,
14,1,9,d4cbb20f-d428-733d-99d0-a72019dc703c,A7-2K,Aztec,matched,
14,2,1,f2b94a96-8b0a-c622-41ef-95b5f5ef5f8a,A7-1E,QR,matched,
14,2,2,62b94a96-8c33-d62a-d6e7-6b0ffa322276,A7-3E,QR,matched,
14,2,3,7cb94a96-8cbd-59de-e008-a8da76bc5cd0,A7-1G,QR,matched,
14,2,4,f2b94a96-8d4d-8bde-d9b5-c4350f505558,A7-3G,QR,matched,
14,2,5,1ab94a96-8dd9-8c5b-78e8-e82f5e8ebca0,A7-1H,QR,matched,
14,2,6,2cb94a96-8e67-46d3-652f-6980dfcc3bd5,A7-3H,QR,matched,
14,2,7,a0b94a96-8f01-e3fa-e161-7408692c3680,A7-1J,QR,matched,
14,2,8,f0cbb20f-d477-a018-0084-535dd4c04058,A7-3J,QR,matched,
14,2,9,04cbb20f-d37d-8a58-f60e-629201198c0c,A7-1K,Aztec,matched,
15,1,1,b6b94a96-980e-30a7-5b64-9c6ffa7a3b0a,A8-2A,QR,matched,
15,1,2,8ab94a96-9897-de41-1e38-1a20528efb23,A8-4A,QR,matched,
15,1,3,0cb94a96-96ce-02a5-27b0-2258c99cbba7,A8-2B,QR,matched,
15,1,4,08b94a96-9775-d9c8-b6f0-8ef2e8bbc6df,A8-4B,QR,matched,
15,1,5,eab94a96-9597-cd19-614e-cc0c161bcfd9,A8-2C,QR,matched,
15,1,6,80b94a96-962a-4732-6878-995047521ef9,A8-4C,QR,matched,
15,1,7,6ab94a96-9483-156f-60bf-4e6c7938eede,A8-2D,QR,matched,
15,1,8,b6b94a96-9513-b87a-983f-10033616df98,A8-4D,QR,matched,
15,2,1,0ab94a96-97c1-18f9-b64d-5d8295dbc3e5,A8-1A,QR,matched,
15,2,2,8eb94a96-9851-61f2-6bb8-d1fc1e5aef24,A8-3A,QR,matched,
15,2,3,68b94a96-967d-05fb-fb8e-c5776c45f8d1,A8-1B,QR,matched,
15,2,4,b0b94a96-9714-5dca-d552-f46e799eb917,A8-3B,QR,matched,
15,2,5,a8b94a96-9551-a451-92d9-157eebed348a,A8-1C,QR,matched,
15,2,6,c0b94a96-95e3-d542-015f-ce07f3ae0a36,A8-3C,QR,matched,
15,2,7,38b94a96-9431-897d-d72f-128e6899bba8,A8-1D,QR,matched,
15,2,8,a2b94a96-94c6-ae67-5b1d-3eb3239431df,A8-3D,QR,matched,
16,1,1,ceb94a96-9365-994b-2c29-abaecbb5b400,A8-2E,QR,matched,
16,1,2,34b94a96-93ed-617f-ffbc-7aad719fca4f,A8-4E,QR,matched,
16,1,3,f8b94a96-9255-07ff-e746-60cfaaa13383,A8-2G,QR,matched,
16,1,4,70b94a96-92df-7682-8e90-3f80d62be071,A8-4G,QR,matched,
16,1,5,f2b94a96-912a-2c87-5856-86011daee3d0,A8-2H,QR,matched,
16,1,6,2ab94a96-91c8-7a1c-4bc5-7c27d7a08cea,A8-4H,QR,matched,
16,1,7,3cb94a96-8fda-8de9-2fac-1880e44274a1,A8-2J,QR,matched,
16,1,8,74b94a96-9090-a303-c9b7-2ae01f47c63c,A8-4J,QR,matched,
16,1,9,decbb20f-d3a4-91c2-60e3-e562fafb9d4d,A8-2K,Aztec,matched,
16,1,10,20cbb20f-d3f3-2499-80bf-cdc78be64956,A8-2L,Aztec,matched,
16,2,1,74b94a96-9321-fbed-a81b-37d0c469b55a,A8-1E,QR,matched,
16,2,2,c0b94a96-93a7-351b-1a5c-5bc244dea77d,A8-3E,QR,matched,
16,2,3,fab94a96-9213-b322-6656-90c357a89ba5,A8-1G,QR,matched,
16,2,4,3eb94a96-929c-441c-935f-33e93ee3e285,A8-3G,QR,matched,
16,2,5,5eb94a96-90e3-e9ef-665a-59ce916c8efe,A8-1H,QR,matched,
16,2,6,d8b94a96-9175-ebf7-4be7-f8f827c44528,A8-3H,QR,matched,
16,2,7,36b94a96-8f93-e569-3339-fe9842ea7048,A8-1J,QR,matched,
16,2,8,d0b94a96-902f-7ced-f6ae-03b7f9567ef4,A8-3J,QR,matched,
16,2,9,30cbb20f-d456-d37e-0af9-3bde3fa55f8e,A8-1K,Aztec,matched,
16,2,10,14cbb20f-d4a0-0c54-7a48-d2cf70ac4834,A8-1L,Aztec,matched,
17,1,1,6cb94a96-9925-551c-a40f-c14f88e14c34,A9-2A,QR,matched,
17,1,2,9eb94a96-99ad-b4f4-5ae9-f81e91c2d2c7,A9-4A,QR,matched,
17,1,3,2ab94a96-9a37-adc7-5d15-7a543340424c,A9-2B,QR,matched,
17,1,4,9ab94a96-9ac3-440f-d12f-8a4e578bf5f4,A9-4B,QR,matched,
17,1,5,26b94a96-9b62-8c59-347b-1ef4d3aeb7b5,A9-2C,QR,matched,
17,1,6,fcb94a96-9beb-5703-911c-4443321990a8,A9-4C,QR,matched,
17,1,7,aab94a96-9c83-9764-3d8f-02da5c80bf45,A9-2D,QR,matched,
17,1,8,52b94a96-9d0f-f15d-9100-73d583b7da7d,A9-4D,QR,matched,
17,2,1,46b94a96-98db-16b3-2637-87c893e03fbe,A9-1A,QR,matched,
17,2,2,98b94a96-996a-90c3-e3e0-e56ad892210c,A9-3A,QR,matched,
17,2,3,90b94a96-99f3-9e60-add9-e1b95fbc5663,A9-1B,QR,matched,
17,2,4,6ab94a96-9a7e-d9e4-759b-e4467f9841fd,A9-3B,QR,matched,
17,2,5,eeb94a96-9b18-9709-2e43-84487c201d44,A9-1C,QR,matched,
17,2,6,7eb94a96-9ba7-d28f-c24d-8355e06db631,A9-3C,QR,matched,
17,2,7,28b94a96-9c2e-43f5-61ce-625ab7f1f12f,A9-1D,QR,matched,
17,2,8,4cb94a96-9cc8-e6b0-1149-ea306798f8d1,A9-3D,QR,matched,
18,1,1,aeb94a96-9dab-543d-b5e8-ffcc3c5fa83c,A9-2E,QR,matched,
18,1,2,a0b94a96-9e38-f850-10fc-84ecdec13f3c,A9-4E,QR,matched,
18,1,3,f8b94a96-9edc-ca30-7e58-80f85c4feb30,A9-2G,QR,matched,
18,1,4,44b94a96-9f67-f10d-825c-dc40bdb93823,A9-4G,QR,matched,
18,1,5,dcb94a96-9ffa-f261-35b2-57620964b953,A9-2H,QR,matched,
18,1,6,14b94a96-a084-000b-a56c-79e5fc245866,A9-4H,QR,matched,
18,1,7,72b94a96-a128-d75b-b151-e3854582699f,A9-2J,QR,matched,
18,1,8,cab94a96-a1cd-c77b-49b0-b8bde7c373b3,A9-4J,QR,matched,
18,1,9,b8cbb20f-d49f-3e01-c019-f846f2f8280f,A9-2K,Aztec,matched,
18,1,10,00cbb20f-d3ba-3642-43b2-f8dcc990d452,A9-2L,Aztec,matched,
18,2,1,7eb94a96-9d56-a636-bcc5-ca50c9e3f951,A9-1E,QR,matched,
18,2,2,0cb94a96-9dee-41c3-6adb-61b869ded5ab,A9-3E,QR,matched,
18,2,3,22b94a96-9e91-8d09-fccd-bfb6ea70369b,A9-1G,QR,matched,
18,2,4,e4b94a96-9f1c-3df2-4196-714ef07d9b00,A9-3G,QR,matched,
18,2,5,feb94a96-9fac-0eac-9304-b4cc215a82e8,A9-1H,QR,matched,
18,2,6,38b94a96-a041-48e9-c492-67ff26c6745c,A9-3H,QR,matched,
18,2,7,7eb94a96-a0c5-10c8-7aa9-69aecf3a6625,A9-1J,QR,matched,
18,2,8,a8b94a96-a170-06b5-6b9e-0aafae9c2cfa,A9-3J,QR,matched,
18,2,9,8acbb20f-d404-fc0d-1576-b110b9618eac,A9-1K,Aztec,matched,
18,2,10,a4cbb20f-d450-0877-dab4-f5b9f4e78e6e,A9-1L,Aztec,matched,
19,1,1,98b94a96-8da3-3959-1afe-4b65448b4505,A10-2A,QR,matched,
19,1,2,04b94a96-8e63-d395-dc9a-70c76f723a1c,A10-4A,QR,matched,
19,1,3,a2b94a96-8c6f-c0af-cb26-0c4aa1c98e9c,A10-2B,QR,matched,
19,1,4,2eb94a96-8d0c-2759-aae2-315265172727,A10-4B,QR,matched,
19,1,5,c4b94a96-8b2d-3e50-25b8-2a9c44e3c58c,A10-2C,QR,matched,
19,1,6,58b94a96-8bc7-ca5b-9092-fbff0ee6ede5,A10-4C,QR,matched,
19,1,7,18b94a96-8a07-557d-07c8-1fe4bd16e15d,A10-2D,QR,matched,
19,1,8,b8b94a96-8aa0-ecc0-2e9b-754030b0f7c8,A10-4D,QR,matched,
19,2,1,52b94a96-8d59-dfad-c68b-38a56ec5acf8,A10-1A,QR,matched,
19,2,2,9ab94a96-8dec-d564-d7f5-4a1455f09097,A10-3A,QR,matched,
19,2,3,3eb94a96-8c23-338d-7029-11024f00e597,A10-1B,QR,matched,
19,2,4,a2b94a96-8cb8-1b61-b9b1-70ab4577c4d3,A10-3B,QR,matched,
19,2,5,b2b94a96-8ae7-96e0-3149-d0e61db81c05,A10-1C,QR,matched,
19,2,6,1ab94a96-8b7b-f926-7547-89f682ed5890,A10-3C,QR,matched,
19,2,7,92b94a96-89ae-ecfa-b6e5-8e2ac8a7b4e0,A10-1D,QR,matched,
19,2,8,5eb94a96-8a56-a842-a57f-2eb00fdd4f65,A10-3D,QR,matched,
20,1,1,eab94a96-88be-a740-34a2-daca51f11079,A10-2E,QR,matched,
20,1,2,3ab94a96-895d-dfb9-2398-68bb37253776,A10-4E,QR,matched,
20,1,3,ceb94a96-a4c2-c5ef-61a8-7a4b5e27598e,A10-2G,QR,matched,
20,1,4,76b94a96-a54f-905e-b511-6f8e2121ac02,A10-4G,QR,matched,
20,1,5,7eb94a96-a38e-1c5e-61d1-f4ec3dc0c57a,A10-2H,QR,matched,
20,1,6,acb94a96-a42a-97a6-acfd-961e579bfe8d,A10-4H,QR,matched,
20,1,7,6cb94a96-a266-1b4f-0acc-5bda532f09ab,A10-2J,QR,matched,
20,1,8,beb94a96-a306-51b8-f7c3-0d800b1a9a90,A10-4J,QR,matched,
20,1,9,58cbb20f-d5ad-28a9-8211-babdab021730,A10-2K,Aztec,matched,
20,1,10,72cbb20f-d601-1671-6a37-fa91f8b688a8,A10-2L,Aztec,matched,
20,2,1,74b94a96-886d-173d-b6d5-1543f350dbb7,A10-1E,QR,matched,
20,2,2,beb94a96-890a-1cf6-06c8-adefc3536db6,A10-3E,QR,matched,
20,2,3,bcb94a96-a472-65d5-0c1a-30d04cb05063,A10-1G,QR,matched,
20,2,4,acb94a96-a50f-5238-315e-7d91b3ea94b9,A10-3G,QR,matched,
20,2,5,80b94a96-a348-5fe2-309b-b73558bb56f8,A10-1H,QR,matched,
20,2,6,3ab94a96-a3d5-aedc-613c-133c3f0e8265,A10-3H,QR,matched,
20,2,7,18b94a96-a211-61f9-ac0b-5b466cae82c8,A10-1J,QR,matched,
20,2,8,c2b94a96-a2a7-6454-c1c4-9db799a155e9,A10-3J,QR,matched,
20,2,9,cecbb20f-d4ef-743f-0c06-45cbc29dcac8,A10-1K,Aztec,matched,
20,2,10,58cbb20f-d555-d158-31da-4fab27cd57a0,A10-1L,Aztec,matched,
21,1,1,cab94a96-8f0c-5d2a-f5d4-b2f7e58498e3,A11-2A,QR,matched,
21,1,2,eeb94a96-8fb1-aee3-61f6-be31765adc51,A11-4A,QR,matched,
21,1,3,7cb94a96-903b-62d0-81ca-c859b0b45ab2,A11-2B,QR,matched,
21,1,4,4ab94a96-90dd-9565-e76d-0f60de9661d8,A11-4B,QR,matched,
21,1,5,30b94a96-916a-56be-20dc-3c86573d05b6,A11-2C,QR,matched,
21,1,6,7ab94a96-91f3-21e3-f1cc-c7cc890a72c8,A11-4C,QR,matched,
21,1,7,7eb94a96-9277-ca31-454e-073772429564,A11-2D,QR,matched,
21,1,8,36b94a96-9309-119b-3e99-2055f506384f,A11-4D,QR,matched,
21,2,1,6eb94a96-8eac-6683-960b-d8a16173cf12,A11-1A,QR,matched,
21,2,2,36b94a96-8f5c-2ea2-cda6-9034f5e8927f,A11-3A,QR,matched,
21,2,3,d2b94a96-8ff4-ff37-254d-9b42556fcd7b,A11-1B,QR,matched,
21,2,4,1eb94a96-9090-d923-22bb-26885a5b86bc,A11-3B,QR,matched,
21,2,5,7eb94a96-9122-a90b-1de3-e888be60b125,A11-1C,QR,matched,
21,2,6,84b94a96-91b1-5905-876c-560fda226edf,A11-3C,QR,matched,
21,2,7,c8b94a96-9235-6b7a-5429-a27126caa754,A11-1D,QR,matched,
21,2,8,9cb94a96-92c2-4c27-18dd-2c28277050e9,A11-3D,QR,matched,
22,1,1,70b94a96-9397-9888-8eb8-35991a466d6a,A11-2E,QR,matched,
22,1,2,70b94a96-942f-2d91-c78d-adb96357af82,A11-4E,QR,matched,
22,1,3,26b94a96-94c6-596a-ffdf-4d78e5a54e55,A11-2G,QR,matched,
22,1,4,52b94a96-956c-cea9-7816-63c73ee6f108,A11-4G,QR,matched,
22,1,5,34b94a96-95fd-299d-ee21-bdaea7c343bd,A11-2H,QR,matched,
22,1,6,f4b94a96-968e-2219-b691-92cab8934fb9,A11-4H,QR,matched,
22,1,7,aab94a96-9725-8d21-a595-880927ed7170,A11-2J,QR,matched,
22,1,8,6cb94a96-97aa-ba06-65bc-93eebf641f7f,A11-4J,QR,matched,
22,1,9,12cbb20f-d5d3-4679-9bde-75279b0062c6,A11-2K,Aztec,matched,
22,1,10,64cbb20f-d620-5bbd-78ea-8d5230f0c1d8,A11-2L,Aztec,matched,
22,2,1,6eb94a96-934d-5632-3c9e-39e5fa93c580,A11-1E,QR,matched,
22,2,2,7cb94a96-93e6-7b1a-bbec-08d162153b45,A11-3E,QR,matched,
22,2,3,8eb94a96-9473-64e6-a764-493d91468a1b,A11-1G,QR,matched,
22,2,4,a2b94a96-9522-7166-61b2-ecd2c12db4ab,A11-3G,QR,matched,
22,2,5,1cb94a96-95b3-005c-ab35-dcbf483951cc,A11-1H,QR,matched,
22,2,6,22b94a96-963f-edfb-9ae9-825814c665f0,A11-3H,QR,matched,
22,2,7,1ab94a96-96df-b29b-e1ba-588da0ed6b03,A11-1J,QR,matched,
22,2,8,dab94a96-9769-ad3d-81a0-ec34467f23f6,A11-3J,QR,matched,
22,2,9,dccbb20f-d524-50b0-c8f2-9b5a99a333f8,A11-1K,Aztec,matched,
22,2,10,02cbb20f-d570-25f5-c3af-7b32d663175c,A11-1L,Aztec,matched,
23,1,1,58b94a96-a03f-e2e1-50ad-36af8d12a2cb,A12-2A,QR,matched,
23,1,2,8ab94a96-a0ce-6386-08ef-2c3da7af8d10,A12-4A,QR,matched,
23,1,3,d8b94a96-9f13-948e-4d86-43c19b587de4,A12-2B,QR,matched,
23,1,4,86b94a96-9fa5-e1f7-27f0-29aec97263d0,A12-4B,QR,matched,
23,1,5,bab94a96-9dbb-4dd9-f412-4ff869aace8f,A12-2C,QR,matched,
23,1,6,b4b94a96-9e73-1ef8-678b-8a6d77561414,A12-4C,QR,matched,
23,1,7,38b94a96-9cad-b636-24bd-20787df36870,A12-2D,QR,matched,
23,1,8,56b94a96-9d31-5b76-fe6c-7bf379705ac5,A12-4D,QR,matched,
23,2,1,12b94a96-9fed-d51f-f593-2644a89553b3,A12-1A,QR,matched,
23,2,2,c2b94a96-a085-82e1-02d6-06167a7c0cc8,A12-3A,QR,matched,
23,2,3,bab94a96-9ec9-1607-ee78-73aee7691acb,A12-1B,QR,matched,
23,2,4,c8b94a96-9f5c-82b4-bf62-193f399c0de0,A12-3B,QR,matched,
23,2,5,94b94a96-9d7d-2fc4-cff7-21e9ada894b3,A12-1C,QR,matched,
23,2,6,36b94a96-9e25-b2a6-ceab-a95cbb78088d,A12-3C,QR,matched,
23,2,7,cab94a96-9c69-afe6-5189-28fc496d4311,A12-1D,QR,matched,
23,2,8,10b94a96-9cec-4c34-09ba-9d0e2978149e,A12-3D,QR,matched,
24,1,1,32b94a96-9b92-c1d6-3df7-55e254e77197,A12-2E,QR,matched,
24,1,2,68b94a96-9c1a-e03d-af58-8525bedf8369,A12-4E,QR,matched,
24,1,3,68b94a96-9a72-0128-90f5-543d344a2fbb,A12-2G,QR,matched,
24,1,4,1ab94a96-9b07-151c-d313-0c2cfab152d5,A12-4G,QR,matched,
24,1,5,98b94a96-994c-154c-cc6d-7475c54b64ea,A12-2H,QR,matched,
24,1,6,52b94a96-99e3-74d4-4cd6-42896247532d,A12-4H,QR,matched,
24,1,7,bcb94a96-9833-f55b-f5f2-22bbf7997ae1,A12-2J,QR,matched,
24,1,8,c0b94a96-98b6-a075-c04b-664b0886b53f,A12-4J,QR,matched,
24,1,9,5ecbb20f-d594-a13f-ece3-14d0a4c287f0,A12-2K,Aztec,matched,
24,1,10,0ccbb20f-d5de-c4fa-0f5b-5e0f5f84edf0,A12-2L,Aztec,matched,
24,2,1,cab94a96-9b46-66dc-e891-7c672ba6b4a0,A12-1E,QR,matched,
24,2,2,3cb94a96-9bd7-3f4a-b4f2-84146dfa175e,A12-3E,QR,matched,
24,2,3,a8b94a96-9a2d-85a9-f6a1-5bdc2cea1c54,A12-1G,QR,matched,
24,2,4,a2b94a96-9abd-4efa-c207-0498cb71a04f,A12-3G,QR,matched,
24,2,5,deb94a96-98ff-3cc9-c706-e11730f6750f,A12-1H,QR,matched,
24,2,6,d8b94a96-999a-00d9-8b0d-c5dfe355da0d,A12-3H,QR,matched,
24,2,7,6cb94a96-97ef-11bb-c07e-5c05cec30bc7,A12-1J,QR,matched,
24,2,8,5eb94a96-9873-ca94-84a6-f72cc5eaad5d,A12-3J,QR,matched,
24,2,9,c4cbb20f-d62f-9537-bba7-87081a4ac765,A12-1K,Aztec,matched,
24,2,10,36cbb20f-d54b-b808-08a0-e79d1ebda465,A12-1L,Aztec,matched,
25,1,1,d2b94a96-a16a-03d9-f07e-41d4105e4686,A13-2A,QR,matched,
25,1,2,2ab94a96-a1ef-a72d-a038-98b81149ccf1,A13-4A,QR,matched,
25,1,3,8eb94a96-a278-8959-1c90-85628a526972,A13-2B,QR,matched,
25,1,4,0eb94a96-a313-225a-3626-17690c119118,A13-4B,QR,matched,
25,1,5,d0b94a96-a3ae-3305-da22-242552967967,A13-2C,QR,matched,
25,1,6,42b94a96-a438-6e2b-80ba-8bff0b66e433,A13-4C,QR,matched,
25,1,7,6cb94a96-a4c9-4a48-7d5a-d782de36f08c,A13-2D,QR,matched,
25,1,8,12b94a96-a554-3c2b-cd0a-89c13d71ba40,A13-4D,QR,matched,
25,2,1,a6b94a96-a11c-0ec4-cb7a-f8368b23c63e,A13-1A,QR,matched,
25,2,2,3ab94a96-a1af-e3ff-2647-43441399b4ce,A13-3A,QR,matched,
25,2,3,9eb94a96-a231-04a2-eb06-ed22a797b704,A13-1B,QR,matched,
25,2,4,eab94a96-a2c7-4219-6fcc-a81ebdbc6349,A13-3B,QR,matched,
25,2,5,7ab94a96-a36c-9822-70b9-519b809d9ac0,A13-1C,QR,matched,
25,2,6,88b94a96-a3f2-7147-ee9b-7cd04704aeb3,A13-3C,QR,matched,
25,2,7,2cb94a96-a47a-9b39-5021-a7c5feb84dfc,A13-1D,QR,matched,
25,2,8,7ab94a96-a50e-e48c-f0b2-1de7f9e65899,A13-3D,QR,matched,
26,1,1,e6b94a96-88cb-75f6-23b8-ad10965cc89b,A13-2E,QR,matched,
26,1,2,1cb94a96-896c-b0ed-adc5-0a3439bc9f89,A13-4E,QR,matched,
26,1,3,38b94a96-8a21-10e7-5421-e30bf3c5c0d7,A13-2G,QR,matched,
26,1,4,f4b94a96-8ad5-8959-cfd0-a2283bb931bd,A13-4G,QR,matched,
26,1,5,64b94a96-8b5e-f6b8-34cf-77e1ea1a208f,A13-2H,QR,matched,
26,1,6,40b94a96-8bf8-f1bf-5468-1a0396371fcf,A13-4H,QR,matched,
26,1,7,92b94a96-8ca1-dc3a-3bee-afbdf54322c4,A13-2J,QR,matched,
26,1,8,2cb94a96-8d47-4b17-1e57-96075897ed55,A13-4J,QR,matched,
26,1,9,decbb20f-d5a2-09b9-9efa-1fda8b2838f3,A13-2K,Aztec,matched,
26,1,10,d2cbb20f-d5f4-582b-959c-ae19300085e0,A13-2L,Aztec,matched,
26,2,1,d4b94a96-886c-e063-ad48-001954d5a0b5,A13-1E,QR,matched,
26,2,2,c4b94a96-891e-f482-e4da-44460172abf8,A13-3E,QR,matched,
26,2,3,64b94a96-89d8-8956-f5ba-3905e617c1ed,A13-1G,QR,matched,
26,2,4,9eb94a96-8a7b-5082-4c28-e630eb24bc7b,A13-3G,QR,matched,
26,2,5,0cb94a96-8b1b-39e7-05bd-b3f5f42cf83a,A13-1H,QR,matched,
26,2,6,1ab94a96-8baf-3729-8a28-1d04fadc3258,A13-3H,QR,matched,
26,2,7,c6b94a96-8c50-b6d8-60b0-f035b8e19380,A13-1J,QR,matched,
26,2,8,d0b94a96-8cfc-6f19-d332-eb9cda24d640,A13-3J,QR,matched,
26,2,9,0ecbb20f-d625-4aa4-dd46-4244170c8e9f,A13-1K,Aztec,matched,
26,2,10,2ecbb20f-d672-a912-bbd0-a4b569b4d86d,A13-1L,Aztec,matched,
27,1,1,00b94a96-9655-a4e5-1637-4eb8edba8e82,A14-2A,QR,matched,
27,1,2,8eb94a96-96e6-de9f-609d-51e3d3890227,A14-4A,QR,matched,
27,1,3,4eb94a96-953f-9431-a7f8-1e5c68d72d0a,A14-2B,QR,matched,
27,1,4,aeb94a96-95c4-8b35-9b5d-49cd960a17fe,A14-4B,QR,matched,
27,1,5,d0b94a96-940e-40de-5ee8-c18230ebd2f6,A14-2C,QR,matched,
27,1,6,62b94a96-9499-7813-c358-13bf86450d19,A14-4C,QR,matched,
27,1,7,eab94a96-92e3-905e-fb36-831a23b7b38d,A14-2D,QR,matched,
27,1,8,eab94a96-936d-98d8-7d9e-eacf43f432b7,A14-4D,QR,matched,
27,2,1,02b94a96-9609-9a6e-f3a9-a94e47393278,A14-1A,QR,matched,
27,2,2,06b94a96-9698-0d3a-657e-5325a0495bc8,A14-3A,QR,matched,
27,2,3,38b94a96-94e2-ba37-8f84-3ad8bab77f71,A14-1B,QR,matched,
27,2,4,f8b94a96-9581-14a3-b21a-faecd41a1fd8,A14-3B,QR,matched,
27,2,5,9ab94a96-93ba-4006-696a-35d060f4903e,A14-1C,QR,matched,
27,2,6,70b94a96-9455-db6c-f256-65d481b117ea,A14-3C,QR,matched,
27,2,7,2cb94a96-92a1-ba4b-3fb8-38a60903f84e,A14-1D,QR,matched,
27,2,8,7eb94a96-9329-5c09-b631-f8e7fe91c07a,A14-3D,QR,matched,
28,1,1,1ab94a96-91c1-f1d3-e903-2c4797d5cd5b,A14-2E,QR,matched,
28,1,2,2cb94a96-9258-fdad-c038-1223c68e5da0,A14-4E,QR,matched,
28,1,3,00b94a96-9090-ac0c-2b71-a38e4728c1f4,A14-2G,QR,matched,
28,1,4,78b94a96-9124-412a-ef53-b5bd7120783e,A14-4G,QR,matched,
28,1,5,00b94a96-8f1f-ef61-5117-2199ea152d70,A14-2H,QR,matched,
28,1,6,04b94a96-8ff0-3a91-e2ad-da681cb602c8,A14-4H,QR,matched,
28,1,7,20b94a96-8dd0-582e-dc97-8f2873d2a06c,A14-2J,QR,matched,
28,1,8,06b94a96-8e66-a497-0589-8bb359f388b1,A14-4J,QR,matched,
28,1,9,70cbb20f-d6b1-e2c8-6cb4-fd10d60fdcc9,A14-2K,Aztec,matched,
28,1,10,64cbb20f-d688-37d2-1a09-e7eedffe110d,A14-2L,Aztec,matched,
28,2,1,50b94a96-917f-22b3-8952-e70546cdee52,A14-1E,QR,matched,
28,2,2,96b94a96-9204-bf36-59e8-ef2289727510,A14-3E,QR,matched,
28,2,3,72b94a96-9037-1729-37c2-398e43c5bf77,A14-1G,QR,matched,
28,2,4,56b94a96-90db-b39c-9784-a465070ca28c,A14-3G,QR,matched,
28,2,5,86b94a96-8eb6-c237-f8d0-ce2422de7ec6,A14-1H,QR,matched,
28,2,6,6eb94a96-8f79-dde0-be0b-191a53205d64,A14-3H,QR,matched,
28,2,7,d4b94a96-8d8c-b280-588a-1b649210d140,A14-1J,QR,matched,
28,2,8,5cb94a96-8e14-32fc-a5bd-15ce056a5cf4,A14-3J,QR,matched,
28,2,9,94cbb20f-d615-a845-85fe-b12a98b3e5c2,A14-1K,Aztec,matched,
28,2,10,d4cbb20f-d660-a0f5-d729-38f853886851,A14-1L,Aztec,matched,
29,1,1,c6b94a96-976f-d761-501d-2e19edb13e9c,A15-2A,QR,matched,
29,1,2,08b94a96-9803-6a99-c315-4edc42323e24,A15-4A,QR,matched,
29,1,3,d0b94a96-9897-a5c8-011a-7505ca121cfb,A15-2B,QR,matched,
29,1,4,b6b94a96-9921-e7d8-402a-883ac0bba562,A15-4B,QR,matched,
29,1,5,b6b94a96-99a5-7718-c0c3-bd5c1edbb5f6,A15-2C,QR,matched,
29,1,6,04b94a96-9a30-7f58-b5c4-77a3603174e7,A15-4C,QR,matched,
29,1,7,9cb94a96-9aca-f614-dd5b-3e1f33e4bc2d,A15-2D,QR,matched,
29,1,8,58b94a96-9b59-c24a-456f-29270ac3296c,A15-4D,QR,matched,
29,2,1,acb94a96-972c-5585-1076-2f18fd9195f3,A15-1A,QR,matched,
29,2,2,24b94a96-97b5-4b9b-8e35-749529c2c6ad,A15-3A,QR,matched,
29,2,3,fcb94a96-9852-f775-2acc-d297e7accf4c,A15-1B,QR,matched,
29,2,4,00b94a96-98dd-b6fc-f1f2-c5c97cc14207,A15-3B,QR,matched,
29,2,5,22b94a96-9964-a24f-bea3-97145753c1fe,A15-1C,QR,matched,
29,2,6,a8b94a96-99eb-512b-518a-b28daea43ad5,A15-3C,QR,matched,
29,2,7,34b94a96-9a7f-db52-e5e8-5302002d4d7d,A15-1D,QR,matched,
29,2,8,d6b94a96-9b0c-1f65-8f04-43bd65311979,A15-3D,QR,matched,
30,1,1,c8b94a96-9bea-02bd-753f-3b4144381fa3,A15-2E,QR,matched,
30,1,2,06b94a96-9c72-3004-df7b-be656e7f6374,A15-4E,QR,matched,
30,1,3,0eb94a96-9d04-cbba-3443-7e08ae73a087,A15-2G,QR,matched,
30,1,4,eeb94a96-9d8e-95c6-b235-d9106a4558b0,A15-4G,QR,matched,
30,1,5,4cb94a96-9e12-f972-11fe-c1b755cc05b3,A15-2H,QR,matched,
30,1,6,64b94a96-9ead-1acf-6eaa-96faaffefcca,A15-4H,QR,matched,
30,1,7,48b94a96-9f36-d035-878c-71850d45b741,A15-2J,QR,matched,
30,1,8,a6b94a96-9fce-221d-a107-5b80c8bbe221,A15-4J,QR,matched,
30,1,9,a2cbb20f-d758-facc-4f61-9573d4d6ab03,A15-2K,Aztec,matched,
30,1,10,1ecbb20f-d7b1-2d5b-22b1-cef463503764,A15-2L,Aztec,matched,
30,2,1,ecb94a96-9ba8-418b-13e9-3c7c1ee7ba19,A15-1E,QR,matched,
30,2,2,ceb94a96-9c2f-167d-9cdb-a0293c2fb2ef,A15-3E,QR,matched,
30,2,3,9eb94a96-9cba-33ea-727c-1ee1ce7a6133,A15-1G,QR,matched,
30,2,4,72b94a96-9d4d-4217-28cc-a1783c4f3fe5,A15-3G,QR,matched,
30,2,5,40b94a96-9dcf-9cd4-5eef-e089549f3ca8,A15-1H,QR,matched,
30,2,6,0cb94a96-9e56-7fb0-5096-65e852fe5e5d,A15-3H,QR,matched,
30,2,7,a0b94a96-9ef1-a0bf-dbff-d6d27244bd6a,A15-1J,QR,matched,
30,2,8,9eb94a96-9f85-4502-f070-4693da625799,A15-3J,QR,matched,
30,2,9,30cbb20f-d6b3-80e9-4a3a-0d6e3103205e,A15-1K,Aztec,matched,
30,2,10,bacbb20f-d701-7f7b-3ae6-da66a86eaf58,A15-1L,Aztec,matched,
31,1,1,04b94a96-8b4f-8740-9dd6-6dfab8b02a45,A16-2A,QR,matched,
31,1,2,deb94a96-8be6-9b29-06d4-7e62a8e2a2d9,A16-4A,QR,matched,
31,1,3,52b94a96-8a30-25b2-49a8-cfe04ef12a92,A16-2B,QR,matched,
31,1,4,a6b94a96-8ac6-3a7d-d290-08325702ea2a,A16-4B,QR,matched,
31,1,5,aeb94a96-88bd-877d-52e5-e29e3aa647c1,A16-2C,QR,matched,
31,1,6,76b94a96-8970-f798-9263-015d80532003,A16-4C,QR,matched,
31,1,7,b4b94a96-a540-ae60-c998-c6d64e0de01f,A16-2D,QR,matched,
31,1,8,c8b94a96-a5df-e4d9-273d-d758816d569f,A16-4D,QR,matched,
31,2,1,cab94a96-8b07-14ce-6702-4c9b962071c8,A16-1A,QR,matched,
31,2,2,c2b94a96-8ba6-47ed-af8c-cc26196df916,A16-3A,QR,matched,
31,2,3,d0b94a96-89c2-8fbb-ebdb-4c2974943caf,A16-1B,QR,matched,
31,2,4,b4b94a96-8a7b-be65-0400-e77781b28955,A16-3B,QR,matched,
31,2,5,4cb94a96-886d-0197-90d3-de1dffd7560f,A16-1C,QR,matched,
31,2,6,88b94a96-8915-d394-b8bc-15c6e5e004b4,A16-3C,QR,matched,
31,2,7,78b94a96-a4fc-392e-e64e-8726ca2a9929,A16-1D,QR,matched,
31,2,8,b8b94a96-a58d-bc06-46d1-4cd319ac68d3,A16-3D,QR,matched,
32,1,1,54b94a96-a412-0b51-3b6d-093b23748894,A16-2E,QR,matched,
32,1,2,4ab94a96-a4a9-a1d9-ec07-593b566063ba,A16-4E,QR,matched,
32,1,3,5cb94a96-a2e7-0763-5b0f-fdd076fcde12,A16-2G,QR,matched,
32,1,4,9eb94a96-a37d-a276-538c-02e384907069,A16-4G,QR,matched,
32,1,5,50b94a96-a1b3-adb0-fe69-41953beba997,A16-2H,QR,matched,
32,1,6,a2b94a96-a24c-385b-e7b1-e386f72095e1,A16-4H,QR,matched,
32,1,7,72b94a96-a090-ac92-0236-7ce1ab07ba44,A16-2J,QR,matched,
32,1,8,48b94a96-a11f-8ece-3dc4-38f1fc28013c,A16-4J,QR,matched,
32,1,9,32cbb20f-d78e-841d-5318-cd7a0517695d,A16-2K,Aztec,matched,
32,1,10,a4cbb20f-d7d8-d75a-0d16-29979902c0cf,A16-2L,Aztec,matched,
32,2,1,56b94a96-a3c2-0c4a-5c1b-648ecefc6d57,A16-1E,QR,matched,
32,2,2,1cb94a96-a45d-fc02-69ce-9a03743d3a48,A16-3E,QR,matched,
32,2,3,f2b94a96-a29a-9b57-b629-69a0c988f726,A16-1G,QR,matched,
32,2,4,e4b94a96-a32a-865d-df4c-c2a82b7eaf0a,A16-3G,QR,matched,
32,2,5,0cb94a96-a163-dc7c-eeda-22eaf819c065,A16-1H,QR,matched,
32,2,6,82b94a96-a200-aae9-7631-67fae8d1c8c7,A16-3H,QR,matched,
32,2,7,deb94a96-a02c-787d-b406-76c3013df55a,A16-1J,QR,matched,
32,2,8,ecb94a96-a0d9-83fb-5373-003689958706,A16-3J,QR,matched,
32,2,9,c4cbb20f-d6f5-3c43-7f98-b470145f68b4,A16-1K,Aztec,matched,
32,2,10,b8cbb20f-d743-60ba-3f64-fce1f143fb1c,A16-1L,Aztec,matched,
33,1,1,48b94a96-8c78-4e5c-d535-fb9441cf87cf,A17-2A,QR,matched,
33,1,2,9eb94a96-8d1a-bcd2-02ec-7cb7c38b7067,A17-4A,QR,matched,
33,1,3,dab94a96-8dbd-4bad-2404-8f4ec9cba059,A17-2B,QR,matched,
33,1,4,0eb94a96-8e52-278e-7e01-5eed3230810b,A17-4B,QR,matched,
33,1,5,14b94a96-8ee5-7f8f-a250-8a0361271963,A17-2C,QR,matched,
33,1,6,40b94a96-8f77-0d78-c415-d9b9f9be1d11,A17-4C,QR,matched,
33,1,7,2ab94a96-9012-09a2-c686-5819fab88227,A17-2D,QR,matched,
33,1,8,90b94a96-909c-7feb-ad91-df0c6fd1a382,A17-4D,QR,matched,
33,2,1,78b94a96-8c2b-2489-697b-7154c6cdd718,A17-1A,QR,matched,
33,2,2,cab94a96-8cc1-5ad5-8eda-88d02b762e8d,A17-3A,QR,matched,
33,2,3,7ab94a96-8d64-404e-f8c6-538c346eb46d,A17-1B,QR,matched,
33,2,4,aab94a96-8e0d-331f-7731-389c98f39dad,A17-3B,QR,matched,
33,2,5,e2b94a96-8e9c-b003-37fb-f6771f66365f,A17-1C,QR,matched,
33,2,6,ccb94a96-8f2b-4f81-4774-c69bf3216c64,A17-3C,QR,matched,
33,2,7,2eb94a96-8fbe-045c-d50a-3f145ff371e3,A17-1D,QR,matched,
33,2,8,b8b94a96-9056-7c0b-8deb-0f06a7683fa3,A17-3D,QR,matched,
34,1,1,c0b94a96-9147-d9c3-2ef3-22d147aa8af3,A17-2E,QR,matched,
34,1,2,3eb94a96-91d9-3fb4-e5a4-a4eaa1fa2110,A17-4E,QR,matched,
34,1,3,d8b94a96-9270-314a-2b78-e59f1b8f79c1,A17-2G,QR,matched,
34,1,4,28b94a96-930d-1376-de8b-37734a84d2f9,A17-4G,QR,matched,
34,1,5,62b94a96-93a6-d943-8f35-7cf817b1dfba,A17-2H,QR,matched,
34,1,6,5ab94a96-9431-04eb-9be2-729e88202c20,A17-4H,QR,matched,
34,1,7,88b94a96-94be-898c-3a66-2d6d880d551f,A17-2J,QR,matched,
34,1,8,bab94a96-9550-4eb0-2d71-08f38100c980,A17-4J,QR,matched,
34,1,9,1ecbb20f-d765-6c2b-1299-927489fa342e,A17-2K,Aztec,matched,
34,1,10,decbb20f-d7bf-66f3-bfd4-d83917eb9ed6,A17-2L,Aztec,matched,
34,2,1,3cb94a96-90fb-2cf4-6de9-6c3c64a12105,A17-1E,QR,matched,
34,2,2,c4b94a96-9193-bd07-b4f5-480742acad29,A17-3E,QR,matched,
34,2,3,86b94a96-921c-d705-9404-b682553192a4,A17-1G,QR,matched,
34,2,4,42b94a96-92ca-6dbb-39e7-6c234d172ad2,A17-3G,QR,matched,
34,2,5,eeb94a96-9352-f8bb-ea57-250ed0796363,A17-1H,QR,matched,
34,2,6,c6b94a96-93ed-0aa6-4bdc-4db37c3fc5d5,A17-3H,QR,matched,
34,2,7,00b94a96-9479-55a4-18d4-d63a2cf91a3d,A17-1J,QR,matched,
34,2,8,b8b94a96-9505-9b1f-ffa0-344c6e1f2e46,A17-3J,QR,matched,
34,2,9,04cbb20f-d7de-6a10-a03a-1369a6a044d3,A17-1K,Aztec,matched,
34,2,10,facbb20f-d716-c6a2-7647-4c1bbf85ad81,A17-1L,Aztec,matched,
35,1,1,4eb94a96-9daf-d86b-70ec-f23a8f33f27f,A18-2A,QR,matched,
35,1,2,b4b94a96-9e41-7257-1ca6-5fd18105754f,A18-4A,QR,matched,
35,1,3,c2b94a96-9c7b-63c8-09b6-82b77c8e1465,A18-2B,QR,matched,
35,1,4,c0b94a96-9d1b-0029-33a0-8be6edcb8f5d,A18-4B,QR,matched,
35,1,5,94b94a96-9b59-8df0-0ff9-ef36849af08c,A18-2C,QR,matched,
35,1,6,10b94a96-9bdf-1219-e2e5-e047e65b358d,A18-4C,QR,matched,
35,1,7,38b94a96-9a40-745c-4abc-cc4a65f517c9,A18-2D,QR,matched,
35,1,8,1cb94a96-9ace-f2e1-fb6b-c212dfebfecd,A18-4D,QR,matched,
35,2,1,eab94a96-9d67-8aa4-6dfc-0d02483aa5f8,A18-1A,QR,matched,
35,2,2,44b94a96-9df9-88ff-ef16-918aeb2a2056,A18-3A,QR,matched,
35,2,3,98b94a96-9c22-dd08-cbbd-b3c60e0aebdc,A18-1B,QR,matched,
35,2,4,7cb94a96-9cd7-9bd6-5024-cc0a4f6e8f0d,A18-3B,QR,matched,
35,2,5,ceb94a96-9b10-c4f6-8530-d542a5da457e,A18-1C,QR,matched,
35,2,6,30b94a96-9b99-8c8d-2f61-b774c86e6d3f,A18-3C,QR,matched,
35,2,7,20b94a96-99fa-f08c-4366-9df9eea365fc,A18-1D,QR,matched,
35,2,8,18b94a96-9a8e-986c-eb0d-58958f4dae9a,A18-3D,QR,matched,
36,1,1,b8b94a96-9920-5495-2798-e6275d5e973b,A18-2E,QR,matched,
36,1,2,7cb94a96-99b1-14fb-9947-42e91f33b2e7,A18-4E,QR,matched,
36,1,3,62b94a96-9810-ba32-6001-3e92c2ed12f8,A18-2G,QR,matched,
36,1,4,40b94a96-9897-9c3c-fa8a-b667db70bd6f,A18-4G,QR,matched,
36,1,5,9eb94a96-96f1-88a8-d2de-314d68e76ac3,A18-2H,QR,matched,
36,1,6,aeb94a96-9786-939d-8b51-0f2b88e8fe32,A18-4H,QR,matched,
36,1,7,82b94a96-95db-9a8c-ad62-21a28df495e9,A18-2J,QR,matched,
36,1,8,9ab94a96-9662-1ce4-00a4-1967aa66652a,A18-4J,QR,matched,
36,1,9,56cbb20f-d76a-0c8a-ece7-9a6200363311,A18-2K,Aztec,matched,
36,1,10,60cbb20f-d7b7-7c7d-9575-912a0a2c176e,A18-2L,Aztec,matched,
36,2,1,d4b94a96-98da-41b9-aa58-35889e538035,A18-1E,QR,matched,
36,2,2,70b94a96-9963-65e5-0fef-ebfe705720ed,A18-3E,QR,matched,
36,2,3,8cb94a96-97cf-b022-ed36-8943389e1455,A18-1G,QR,matched,
36,2,4,c2b94a96-9851-77c4-a005-8c019730b618,A18-3G,QR,matched,
36,2,5,00b94a96-96ad-4559-e890-818931650cdd,A18-1H,QR,matched,
36,2,6,aab94a96-973e-7895-116a-65fd65639866,A18-3H,QR,matched,
36,2,7,c6b94a96-9597-2723-f314-8dd4cfbd81c2,A18-1J,QR,matched,
36,2,8,52b94a96-961f-940e-d211-98b8352aa3c9,A18-3J,QR,matched,
36,2,9,26cbb20f-d7da-b54c-4923-5f476f969320,A18-1K,Aztec,matched,
36,2,10,80cbb20f-d82b-9eb9-52d9-b5ede29ec9e7,A18-1L,Aztec,matched,
37,1,1,92b94a96-9ecb-9152-acf5-9a9b2c9d7493,A19-2A,QR,matched,
37,1,2,64b94a96-9f53-e182-903d-e2cabadbb64e,A19-4A,QR,matched,
37,1,3,5cb94a96-9fd4-3645-cd63-a176fce272e2,A19-2B,QR,matched,
37,1,4,b4b94a96-a05d-dd4c-0a2f-0c90a1756195,A19-4B,QR,matched,
37,1,5,f6b94a96-a0e2-d8fc-cc9e-913ead2e139a,A19-2C,QR,matched,
37,1,6,94b94a96-a172-758a-2a42-45d45df46744,A19-4C,QR,matched,
37,1,7,5cb94a96-a204-b12a-f62f-f1fd87bae1d6,A19-2D,QR,matched,
37,1,8,ecb94a96-a29d-81c8-69fa-871f742167bc,A19-4D,QR,matched,
37,2,1,96b94a96-9e8a-175e-e8ff-b2f2ac8f6c2c,A19-1A,QR,matched,
37,2,2,84b94a96-9f11-0761-6cf0-1ff3b213e7ab,A19-3A,QR,matched,
37,2,3,94b94a96-9f91-e68f-d3ec-3107aa4f01ea,A19-1B,QR,matched,
37,2,4,64b94a96-a018-187e-a3c3-bff1e605e9e6,A19-3B,QR,matched,
37,2,5,6ab94a96-a0a0-994e-01e2-a4bd33cde715,A19-1C,QR,matched,
37,2,6,52b94a96-a12a-682b-b4e1-6b15d68faf6c,A19-3C,QR,matched,
37,2,7,8ab94a96-a1be-49e4-da7a-d4978e9c3d53,A19-1D,QR,matched,
37,2,8,d6b94a96-a25c-e2f4-5add-946ac7087538,A19-3D,QR,matched,
38,1,1,26b94a96-a32e-602c-0ba7-5b18a7c0eacd,A19-2E,QR,matched,
38,1,2,aab94a96-a3bd-ac16-2a93-6210ddce2b92,A19-4E,QR,matched,
38,1,3,16b94a96-a46c-2a41-ca65-1c1b51e0febe,A19-2G,QR,matched,
38,1,4,1eb94a96-a500-3c93-bb32-4a962e26e024,A19-4G,QR,matched,
38,1,5,e2b94a96-88ba-dbb8-3429-2db2720c42c8,A19-2H,QR,matched,
38,1,6,66b94a96-8975-81a4-6e25-02db05701b4a,A19-4H,QR,matched,
38,1,7,30b94a96-8a14-d4f6-c1c7-f9dcfbc2ba30,A19-2J,QR,matched,
38,1,8,98b94a96-8abf-cf04-4ca8-30be6ba6a73e,A19-4J,QR,matched,
38,1,9,e2cbb20f-d924-3551-4836-05d2e64d14b9,A19-2K,Aztec,matched,
38,1,10,cacbb20f-d83d-c2ef-9bea-8f4468b7ccac,A19-2L,Aztec,matched,
38,2,1,92b94a96-a2ea-7fce-0853-be4771f7a850,A19-1E,QR,matched,
38,2,2,22b94a96-a374-7d4c-992b-02d3ba3a4481,A19-3E,QR,matched,
38,2,3,7ab94a96-a421-16b0-dfd5-eec8adde7b0b,A19-1G,QR,matched,
38,2,4,42b94a96-a4b9-33d4-d749-3e674a103d04,A19-3G,QR,matched,
38,2,5,0ab94a96-886f-cafa-1ef0-bacf60a063f1,A19-1H,QR,matched,
38,2,6,feb94a96-8910-8126-1562-6c99e621b8a3,A19-3H,QR,matched,
38,2,7,80b94a96-89cd-e2be-a367-a873d9c00e7c,A19-1J,QR,matched,
38,2,8,e0b94a96-8a6a-7fac-1968-8e406445d1bb,A19-3J,QR,matched,
38,2,9,b8cbb20f-d887-c368-754b-b5bd671774d0,A19-1K,Aztec,matched,
38,2,10,bacbb20f-d8d7-9000-a1ee-55a28666663b,A19-1L,Aztec,matched,
39,1,1,a0b94a96-9396-b8f3-1681-b4623e3a91f9,A20-2A,QR,matched,
39,1,2,e2b94a96-941d-710a-aeb3-41fa779bf225,A20-4A,QR,matched,
39,1,3,52b94a96-926b-561d-329f-c4e6303ca2c7,A20-2B,QR,matched,
39,1,4,5cb94a96-9309-56bd-05e2-b2de7dabffc6,A20-4B,QR,matched,
39,1,5,00b94a96-913f-332b-0003-8c9cd844f038,A20-2C,QR,matched,
39,1,6,74b94a96-91d2-8ac0-c4f1-b67a4fa48b95,A20-4C,QR,matched,
39,1,7,1eb94a96-902b-c018-d526-1375315d6f33,A20-2D,QR,matched,
39,1,8,48b94a96-90b0-7547-4039-548abe2b578e,A20-4D,QR,matched,
39,2,1,42b94a96-934c-3211-90a3-aff3290aa32c,A20-1A,QR,matched,
39,2,2,52b94a96-93d9-56fe-bee4-c3ded868e195,A20-3A,QR,matched,
39,2,3,40b94a96-921b-deb8-82a4-580f323e5040,A20-1B,QR,matched,
39,2,4,58b94a96-92c2-ab6d-2693-f4a6511e4f01,A20-3B,QR,matched,
39,2,5,24b94a96-90f9-2a80-a061-506616c40d1e,A20-1C,QR,matched,
39,2,6,86b94a96-9188-48ac-4a0d-2e2307ee507b,A20-3C,QR,matched,
39,2,7,fcb94a96-8fd9-5eef-177c-8930ad59b5ac,A20-1D,QR,matched,
39,2,8,54b94a96-906d-24f0-d069-fc5d3697dfca,A20-3D,QR,matched,
40,1,1,68b94a96-8eef-8b83-5b24-215f93a4674d,A20-2E,QR,matched,
40,1,2,92b94a96-8f82-7642-f7a1-8ddcd8e20a11,A20-4E,QR,matched,
40,1,3,84b94a96-8dc4-fc44-c3dd-2d760fd9bb30,A20-2G,QR,matched,
40,1,4,c6b94a96-8e4d-c6db-0ed2-ee7fceb58e16,A20-4G,QR,matched,
40,1,5,d2b94a96-8ca1-17f8-d7fc-2ea383594a3b,A20-2H,QR,matched,
40,1,6,cab94a96-8d39-6e47-c830-03a0082ff27b,A20-4H,QR,matched,
40,1,7,98b94a96-8b59-0d24-6849-1c6182591025,A20-2J,QR,matched,
40,1,8,76b94a96-8bfb-bf1c-0282-dc04c5353806,A20-4J,QR,matched,
40,1,9,60cbb20f-d8ef-420d-4681-fecee944890a,A20-2K,Aztec,matched,
40,1,10,decbb20f-d93e-0ccb-f5de-03f419cfb0ae,A20-2L,Aztec,matched,
40,2,1,34b94a96-8e8f-15f2-e907-2e3731636093,A20-1E,QR,matched,
40,2,2,44b94a96-8f40-099f-5db9-2835b5a126af,A20-3E,QR,matched,
40,2,3,0ab94a96-8d79-dda3-2702-b424e6118331,A20-1G,QR,matched,
40,2,4,fcb94a96-8e07-241c-3e42-42e6fc1d2585,A20-3G,QR,matched,
40,2,5,3cb94a96-8c42-8ef7-25fa-5641f7c691bb,A20-1H,QR,matched,
40,2,6,acb94a96-8ceb-a3d2-029b-818f4b86d80a,A20-3H,QR,matched,
40,2,7,92b94a96-8b09-7d91-55d5-1acbe078ff30,A20-1J,QR,matched,
40,2,8,c8b94a96-8bb5-9b24-4475-1c715f560518,A20-3J,QR,matched,
40,2,9,1ecbb20f-d848-a5a1-e1cf-96412153e503,A20-1K,Aztec,matched,
40,2,10,cccbb20f-d892-a245-75cf-c5f1cd6e83e3,A20-1L,Aztec,matched,
41,1,1,94b94a96-94b4-a410-c5b8-f9b2b4d0dd72,A21-2A,QR,matched,
41,1,2,eab94a96-953f-a3ff-6869-d2f0c18f5d66,A21-4A,QR,matched,
41,1,3,c4b94a96-95c3-5f71-a384-cb76ab1373e9,A21-2B,QR,matched,
41,1,4,68b94a96-9659-44f3-dc08-375785f460a4,A21-4B,QR,matched,
41,1,5,b4b94a96-970f-39d2-387c-919e1a52f93d,A21-2C,QR,matched,
41,1,6,0cb94a96-97a2-1a74-e818-3e800b9e19e7,A21-4C,QR,matched,
41,1,7,66b94a96-9832-d8be-ca82-411309cd98c8,A21-2D,QR,matched,
41,1,8,c8b94a96-98cf-bb77-4d95-6a8d11935e22,A21-4D,QR,matched,
41,2,1,94b94a96-946c-7c6a-2989-016eb6ae5877,A21-1A,QR,matched,
41,2,2,20b94a96-94f8-6f45-edd3-391c75f2c71c,A21-3A,QR,matched,
41,2,3,9ab94a96-957f-ebe5-f7bb-c5b91576cc91,A21-1B,QR,matched,
41,2,4,0ab94a96-9616-0b18-193d-32d9dc10788c,A21-3B,QR,matched,
41,2,5,92b94a96-969c-e202-daff-0821da207389,A21-1C,QR,matched,
41,2,6,d2b94a96-975d-136a-e2cf-2d3512ed517f,A21-3C,QR,matched,
41,2,7,aeb94a96-97ee-5561-e9c7-464cba917d8a,A21-1D,QR,matched,
41,2,8,14b94a96-9885-bd3b-41e2-b65b29d7a134,A21-3D,QR,matched,
42,1,1,e0b94a96-995f-e7a9-60e9-bcb9824fc985,A21-2E,QR,matched,
42,1,2,b8b94a96-99f3-e0e9-cbb4-0bf7cd67b549,A21-4E,QR,matched,
42,1,3,08b94a96-9a89-d2d3-62a9-293092dbd6b1,A21-2G,QR,matched,
42,1,4,c0b94a96-9b11-4d81-39c0-098c9a29ecea,A21-4G,QR,matched,
42,1,5,14b94a96-9bba-7117-e230-2628f69fa65a,A21-2H,QR,matched,
42,1,6,ccb94a96-9c47-eeab-2137-eb9520d638bc,A21-4H,QR,matched,
42,1,7,fab94a96-9ccb-e7c0-dcd7-795f3a49a668,A21-2J,QR,matched,
42,1,8,08b94a96-9d7d-aa33-7aee-5f2ecd23ef74,A21-4J,QR,matched,
42,1,9,2ecbb20f-d947-0e2c-c029-ba6da889e346,A21-2K,Aztec,matched,
42,1,10,46cbb20f-d9af-e0f1-198b-5669e8b817a1,A21-2L,Aztec,matched,
42,2,1,ceb94a96-9918-2845-ac68-a7351101b9df,A21-1E,QR,matched,
42,2,2,ceb94a96-99ac-66e6-cb4d-38216e7a9198,A21-3E,QR,matched,
42,2,3,62b94a96-9a37-c90a-4069-37530770682d,A21-1G,QR,matched,
42,2,4,96b94a96-9aca-9a2b-1b63-9ebb39853dda,A21-3G,QR,matched,
42,2,5,12b94a96-9b57-594a-7cd9-752e2f303e1a,A21-1H,QR,matched,
42,2,6,8ab94a96-9bfe-f13b-f8c6-cd9249a5f8f5,A21-3H,QR,matched,
42,2,7,e0b94a96-9c87-0f2b-6dc9-2a33416dc548,A21-1J,QR,matched,
42,2,8,48b94a96-9d2f-077c-c4fc-caa01826e20b,A21-3J,QR,matched,
42,2,9,58cbb20f-d8a8-0f7a-a2f3-9e22e986f419,A21-1K,Aztec,matched,
42,2,10,9ecbb20f-d8f9-8657-c8e7-9ed0bc0d6c75,A21-1L,Aztec,matched,
43,1,1,fab94a96-88c3-2912-00d6-b50e566a95ab,A22-2A,QR,matched,
43,1,2,b8b94a96-8964-3bb4-d82a-7d063173dbcb,A22-4A,QR,matched,
43,1,3,ecb94a96-a523-d84b-0909-f460bc3e8712,A22-2B,QR,matched,
43,1,4,0ab94a96-a5b1-0799-d2c2-f70a734b145e,A22-4B,QR,matched,
43,1,5,8eb94a96-a3fa-63f3-885a-c6fae950649a,A22-2C,QR,matched,
43,1,6,34b94a96-a49c-ecd8-f280-a0edae8d7e8a,A22-4C,QR,matched,
43,1,7,06b94a96-a2de-1a34-0af3-d7c09a7fe806,A22-2D,QR,matched,
43,1,8,22b94a96-a362-3688-765d-e80e59cd7198,A22-4D,QR,matched,
43,2,1,1ab94a96-886d-c3d5-e36a-b25ee2bb3385,A22-1A,QR,matched,
43,2,2,46b94a96-8914-f7d1-8a48-88b2b8e65215,A22-3A,QR,matched,
43,2,3,8ab94a96-a4e1-8707-b86b-c03700715513,A22-1B,QR,matched,
43,2,4,86b94a96-a568-3b7f-f2b3-00dad7926fe0,A22-3B,QR,matched,
43,2,5,f6b94a96-a3a5-d13d-ed19-0e40a9f6a048,A22-1C,QR,matched,
43,2,6,9eb94a96-a436-c9c6-69c0-4b5f0fcd3925,A22-3C,QR,matched,
43,2,7,b6b94a96-a295-3683-ae03-618154fe3f15,A22-1D,QR,matched,
43,2,8,5eb94a96-a323-8e48-070d-f5761e1e7e2e,A22-3D,QR,matched,
44,1,1,9cb94a96-a1c2-e36c-782e-95202f03b65b,A22-2E,QR,matched,
44,1,2,c8b94a96-a244-21d3-4fd2-9309127ce525,A22-4E,QR,matched,
44,1,3,44b94a96-a070-ca97-d666-9901a57a5072,A22-2G,QR,matched,
44,1,4,54b94a96-a110-6c3f-e446-04e22062dfc0,A22-4G,QR,matched,
44,1,5,8eb94a96-9f29-9f1e-786e-d75e1cf7bacd,A22-2H,QR,matched,
44,1,6,84b94a96-9fd4-6678-b33d-f8f20d06459a,A22-4H,QR,matched,
44,1,7,eab94a96-9e03-048e-c375-606ad074742b,A22-2J,QR,matched,
44,1,8,fcb94a96-9e9f-738e-4349-2a791e31befc,A22-4J,QR,matched,
44,1,9,06cbb20f-d93d-02e3-f5ec-0ef6c2a875b2,A22-2K,Aztec,matched,
44,1,10,4ccbb20f-d98b-5b36-3e04-7f49c468534e,A22-2L,Aztec,matched,
44,2,1,2cb94a96-a15e-c434-9c01-89a5399704c5,A22-1E,QR,matched,
44,2,2,eeb94a96-a205-1c2e-4522-ee4e6ae8208f,A22-3E,QR,matched,
44,2,3,b4b94a96-a02b-9b35-e8cc-659b27bba084,A22-1G,QR,matched,
44,2,4,12b94a96-a0c6-bc2a-64e3-616b69c27e78,A22-3G,QR,matched,
44,2,5,04b94a96-9ee6-6e49-a35f-39ee607d0fd0,A22-1H,QR,matched,
44,2,6,98b94a96-9f6e-b45e-7e36-96e5e2db4888,A22-3H,QR,matched,
44,2,7,d6b94a96-9dc1-8bdb-20c1-f37f74584498,A22-1J,QR,matched,
44,2,8,4ab94a96-9e58-bedc-9bb9-1a0d4db1df64,A22-3J,QR,matched,
44,2,9,dacbb20f-d9a3-884a-68cd-f5785be6745f,A22-1K,Aztec,matched,
44,2,10,b8cbb20f-d8f4-50cc-1ec6-a272fc187b38,A22-1L,Aztec,matched,
45,1,1,ecb94a96-8a07-8fcf-f5c6-de262060c5a3,A23-2A,QR,matched,
45,1,2,5ab94a96-8a9a-9fd8-066e-e196bbed65e2,A23-4A,QR,matched,
45,1,3,06b94a96-8b6b-bc9c-2161-f65f777599f9,A23-2B,QR,matched,
45,1,4,beb94a96-8c04-739c-b023-1e28e25d6889,A23-4B,QR,matched,
45,1,5,2cb94a96-8cad-1e8b-082b-0d0805a618d0,A23-2C,QR,matched,
45,1,6,74b94a96-8d49-3e60-8be6-9dd138091fa9,A23-4C,QR,matched,
45,1,7,14b94a96-8ddc-4d09-60f3-1d392f315efa,A23-2D,QR,matched,
45,1,8,06b94a96-8e79-192e-c666-9aa8113d2b3d,A23-4D,QR,matched,
45,2,1,b8b94a96-89b6-b12c-45e5-11cd216a4a2c,A23-1A,QR,matched,
45,2,2,92b94a96-8a52-7ab1-faa3-e5c1013aedf9,A23-3A,QR,matched,
45,2,3,e8b94a96-8b23-5c30-4da3-47dc023595b3,A23-1B,QR,matched,
45,2,4,12b94a96-8bb9-c43f-9341-d389918029ee,A23-3B,QR,matched,
45,2,5,b8b94a96-8c59-dbf2-3605-cf9261e5c317,A23-1C,QR,matched,
45,2,6,2ab94a96-8cfb-d3d3-ffc2-8c767e142cf1,A23-3C,QR,matched,
45,2,7,c6b94a96-8d92-984a-62d1-05af02cb8238,A23-1D,QR,matched,
45,2,8,f6b94a96-8e29-0df7-2662-87113d4cd5f8,A23-3D,QR,matched,
46,1,1,2cb94a96-8f09-94f1-ad64-039965570ff5,A23-2E,QR,matched,
46,1,2,66b94a96-8f94-49f4-2b55-ddac776b616a,A23-4E,QR,matched,
46,1,3,f8b94a96-9017-8a0d-7678-9965a22ec0ea,A23-2G,QR,matched,
46,1,4,5cb94a96-90d6-d793-e031-5f91deb32469,A23-4G,QR,matched,
46,1,5,32b94a96-916f-cdb3-2989-b2605c851615,A23-2H,QR,matched,
46,1,6,92b94a96-9206-cc39-f253-f6161ba3d87f,A23-4H,QR,matched,
46,1,7,c6b94a96-929b-39e7-ae40-1957def9f3b9,A23-2J,QR,matched,
46,1,8,c4b94a96-933f-98e9-9208-3369bb4e561d,A23-4J,QR,matched,
46,1,9,98cbb20f-d9ae-0bae-47a2-9dbee97a0b7d,A23-2K,Aztec,matched,
46,1,10,accbb20f-d9fa-13d5-7cd7-7e79d043d3e0,A23-2L,Aztec,matched,
46,2,1,1ab94a96-8ebb-ae60-efe5-e4176b02685e,A23-1E,QR,matched,
46,2,2,ccb94a96-8f4d-9677-03e6-b76278f1214b,A23-3E,QR,matched,
46,2,3,c6b94a96-8fd5-53e2-4f62-15854bd653b6,A23-1G,QR,matched,
46,2,4,e6b94a96-908f-c0fb-7d00-3920dd338d4f,A23-3G,QR,matched,
46,2,5,94b94a96-912a-c9ca-0f40-038920a7906d,A23-1H,QR,matched,
46,2,6,ccb94a96-91c2-cb74-ba9b-f4d50392ca20,A23-3H,QR,matched,
46,2,7,fcb94a96-924b-ed85-0daa-99d9c8ee0e80,A23-1J,QR,matched,
46,2,8,c8b94a96-92ed-40a6-19fa-0f3ed5bb2826,A23-3J,QR,matched,
46,2,9,8ccbb20f-d9d7-01b1-a80f-7f17aeb590f5,A23-1K,Aztec,matched,
46,2,10,7acbb20f-da3a-a9af-a7cb-d8f64fc02111,A23-1L,Aztec,matched,
47,1,1,22b94a96-9c11-5870-a878-dd9c7067bdd5,A24-2A,QR,matched,
47,1,2,e6b94a96-9caa-6da9-8fe5-5b819e1d55f6,A24-4A,QR,matched,
47,1,3,ecb94a96-9aeb-2760-7f48-5cdf873693b0,A24-2B,QR,matched,
47,1,4,8eb94a96-9b78-9da9-c599-9957b1f1923f,A24-4B,QR,matched,
47,1,5,d8b94a96-99cf-b02d-74ae-8a6691366574,A24-2C,QR,matched,
47,1,6,ccb94a96-9a63-6bbe-0c57-91af54941f18,A24-4C,QR,matched,
47,1,7,d4b94a96-989c-1c2f-ca25-b281ced2688b,A24-2D,QR,matched,
47,1,8,fab94a96-993a-dfa0-1756-309864d150d3,A24-4D,QR,matched,
47,2,1,14b94a96-9bd1-bf4e-966f-2910c047a12a,A24-1A,QR,matched,
47,2,2,1ab94a96-9c57-6b81-0202-3413e61624d1,A24-3A,QR,matched,
47,2,3,f6b94a96-9aa8-4ab4-4158-b76534273fb8,A24-1B,QR,matched,
47,2,4,feb94a96-9b2b-eaea-5504-4bd65772881c,A24-3B,QR,matched,
47,2,5,92b94a96-9983-8250-9beb-2719ca9e50f6,A24-1C,QR,matched,
47,2,6,42b94a96-9a16-d2b0-128b-829c876631ce,A24-3C,QR,matched,
47,2,7,c4b94a96-9853-d627-a9f7-ee91ace1aeb6,A24-1D,QR,matched,
47,2,8,7cb94a96-98f6-53fd-5b16-0b5bc4d00fbb,A24-3D,QR,matched,
48,1,1,b2b94a96-976b-9425-6da7-2ca72130c460,A24-2E,QR,matched,
48,1,2,76b94a96-9811-8c7b-7d79-63513bf730d8,A24-4E,QR,matched,
48,1,3,12b94a96-9612-3b28-2e6d-1b1365ebc1c0,A24-2G,QR,matched,
48,1,4,2ab94a96-96ac-b724-cb87-8ec4cfaeb545,A24-4G,QR,matched,
48,1,5,70b94a96-94fb-1c3c-9a8b-8dc655f3c971,A24-2H,QR,matched,
48,1,6,28b94a96-957e-394c-fbff-3f9796a1c896,A24-4H,QR,matched,
48,1,7,78b94a96-93d8-4601-6786-b21f36d84019,A24-2J,QR,matched,
48,1,8,58b94a96-9465-16e8-e3e7-7e6bb1b09a39,A24-4J,QR,matched,
48,1,9,82cbb20f-dabe-a4ea-bdc5-c6f1ee331caa,A24-2K,Aztec,matched,
48,1,10,26cbb20f-da0f-ac06-7ea3-98ac19e7effe,A24-2L,Aztec,matched,
48,2,1,0ab94a96-96f8-53a3-48f8-94469e8faeec,A24-1E,QR,matched,
48,2,2,1ab94a96-97c8-ec53-58c9-67fde258f49f,A24-3E,QR,matched,
48,2,3,62b94a96-95c7-cf75-01cb-bb8435c3ac07,A24-1G,QR,matched,
48,2,4,24b94a96-965a-cb8d-c3ba-55671bd0a964,A24-3G,QR,matched,
48,2,5,90b94a96-94aa-c44f-d9da-b733c75ef3f2,A24-1H,QR,matched,
48,2,6,86b94a96-953e-7fe2-c99f-c2d4dbaaac08,A24-3H,QR,matched,
48,2,7,68b94a96-9385-1d45-da26-8979d33b6034,A24-1J,QR,matched,
48,2,8,5eb94a96-9424-1ec9-0ae5-bbb7281682b0,A24-3J,QR,matched,
48,2,9,e2cbb20f-da21-ff6d-56ad-9f694dc106c6,A24-1K,Aztec,matched,
48,2,10,dacbb20f-da71-9d8b-af63-5afcc0e18637,A24-1L,Aztec,matched,
49,1,1,02b94a96-9d42-ef00-cbfc-3cad4be3c5fb,A25-2A,QR,matched,
49,1,2,fab94a96-9dc6-f128-bb51-b88b8ecbde68,A25-4A,QR,matched,
49,1,3,d8b94a96-9e56-c617-c865-afbd579e21b2,A25-2B,QR,matched,
49,1,4,64b94a96-9edf-453e-1257-d06ba14958a1,A25-4B,QR,matched,
49,1,5,cab94a96-9f6e-daf0-801b-4fcb62f6a550,A25-2C,QR,matched,
49,1,6,c8b94a96-9ffe-b1d7-e5f9-2283fe240349,A25-4C,QR,matched,
49,1,7,52b94a96-a08e-998c-fc39-7b06c543cda8,A25-2D,QR,matched,
49,1,8,6cb94a96-a118-5183-88e8-b8e22621eb00,A25-4D,QR,matched,
49,2,1,28b94a96-9cef-7675-c9ff-d2d2a74751da,A25-1A,QR,matched,
49,2,2,1cb94a96-9d84-d1e3-1d13-df8d4cf0b909,A25-3A,QR,matched,
49,2,3,f4b94a96-9e11-b286-6dda-09cb67754041,A25-1B,QR,matched,
49,2,4,c8b94a96-9e9c-cfa0-46a3-a98f076111cb,A25-3B,QR,matched,
49,2,5,42b94a96-9f2c-36a0-511d-d38c116af8f7,A25-1C,QR,matched,
49,2,6,a4b94a96-9fb3-1feb-4dc0-630319c8513c,A25-3C,QR,matched,
49,2,7,4eb94a96-a043-a1d0-824c-15abf269b5e7,A25-1D,QR,matched,
49,2,8,f8b94a96-a0d4-e335-3f7c-3f567f7fb730,A25-3D,QR,matched,
50,1,1,d0b94a96-a1b3-dd30-f5df-7a6fdf65b2d1,A25-2E,QR,matched,
50,1,2,54b94a96-a25d-2df0-00b4-f955cd757301,A25-4E,QR,matched,
50,1,3,34b94a96-a2f2-36c0-b208-f1534b773770,A25-2G,QR,matched,
50,1,4,38b94a96-a379-97be-8feb-1ff1544f1a8e,A25-4G,QR,matched,
50,1,5,08b94a96-a40f-8917-3da5-263d0e54eb2a,A25-2H,QR,matched,
50,1,6,3eb94a96-a49b-7925-8c4d-dae8c4ae4dfb,A25-4H,QR,matched,
50,1,7,c2b94a96-a526-0814-7466-eda5bfdb7ca8,A25-2J,QR,matched,
50,1,8,bcb94a96-a5b4-d8be-d752-dad518ae65fa,A25-4J,QR,matched,
50,1,9,8acbb20f-daab-0107-705b-9f9bc18983ad,A25-2K,Aztec,matched,
50,1,10,68cbb20f-daf5-a844-65f7-7bd20b17e7d5,A25-2L,Aztec,matched,
50,2,1,d2b94a96-a167-e50d-6afb-b44a56bd72ee,A25-1E,QR,matched,
50,2,2,84b94a96-a1f6-3304-911e-0c90e4bb0298,A25-3E,QR,matched,
50,2,3,f0b94a96-a2ae-4bb4-27f2-d4a9891870a9,A25-1G,QR,matched,
50,2,4,6cb94a96-a335-0e36-34ec-68d13f915b3c,A25-3G,QR,matched,
50,2,5,2ab94a96-a3c9-c93f-c0ad-87897cca89fa,A25-1H,QR,matched,
50,2,6,50b94a96-a45c-05d4-eaa7-0b9b53a4b49f,A25-3H,QR,matched,
50,2,7,a0b94a96-a4de-f657-b867-bcb9ded407bc,A25-1J,QR,matched,
50,2,8,d2b94a96-a570-656b-dbd3-7e0b5d073a68,A25-3J,QR,matched,
50,2,9,b6cbb20f-da16-62b4-8134-f40b8f8ede0d,A25-1K,Aztec,matched,
50,2,10,72cbb20f-da60-1a8a-cbea-53f03efe3847,A25-1L,Aztec,matched,
51,1,1,2eb94a96-9124-4f13-e4e1-bd6ee3ec5746,A26-2A,QR,matched,
51,1,2,6ab94a96-91aa-75a8-4eed-b361cd3288de,A26-4A,QR,matched,
51,1,3,6ab94a96-8ff3-b222-e9ac-943cff1c8326,A26-2B,QR,matched,
51,1,4,f0b94a96-908f-4884-396d-6db0275f38cc,A26-4B,QR,matched,
51,1,5,e4b94a96-8ed9-3332-339d-9825879e26f4,A26-2C,QR,matched,
51,1,6,34b94a96-8f60-9cc5-6fa7-440b8a1c503c,A26-4C,QR,matched,
51,1,7,deb94a96-8db5-3789-94b3-dfe8064b8611,A26-2D,QR,matched,
51,1,8,52b94a96-8e4d-094f-48d8-3ad5242a560a,A26-4D,QR,matched,
51,2,1,0eb94a96-90d3-d5e3-6a52-f7bd1a0351cc,A26-1A,QR,matched,
51,2,2,feb94a96-9168-e83d-6ddd-e74d36561ae5,A26-3A,QR,matched,
51,2,3,54b94a96-8fab-baa9-8fc7-356d3c7ecdd6,A26-1B,QR,matched,
51,2,4,a8b94a96-9037-f89a-7bf4-59ccaa3e1c28,A26-3B,QR,matched,
51,2,5,88b94a96-8e95-2dba-06a9-d7b48544de3f,A26-1C,QR,matched,
51,2,6,9eb94a96-8f20-7f11-1b51-148d86f2c843,A26-3C,QR,matched,
51,2,7,c4b94a96-8d6a-f138-bbc9-ab6d5208cdcf,A26-1D,QR,matched,
51,2,8,52b94a96-8dfd-165d-0d5a-29423af00a0b,A26-3D,QR,matched,
52,1,1,a0b94a96-8c87-0011-37a7-beb64c93f2e9,A26-2E,QR,matched,
52,1,2,58b94a96-8d1a-c7cf-030c-c9a35d3a26d0,A26-4E,QR,matched,
52,1,3,f4b94a96-8b49-2dd7-ad9d-195aba397cac,A26-2G,QR,matched,
52,1,4,a8b94a96-8bf2-f5b5-5bf0-602207b7795d,A26-4G,QR,matched,
52,1,5,78b94a96-8a14-1126-36b0-ff7c35f98248,A26-2H,QR,matched,
52,1,6,ecb94a96-8aba-2f8f-8f60-03d94b859d24,A26-4H,QR,matched,
52,1,7,b6b94a96-88c0-8cfa-ae01-63f0b3afdb56,A26-2J,QR,matched,
52,1,8,68b94a96-8966-f1fe-e64e-2a12c310a47f,A26-4J,QR,matched,
52,1,9,58cbb20f-db2a-9d76-b83f-74d3d628c58d,A26-2K,Aztec,matched,
52,1,10,a8cbb20f-db8d-e13a-63f7-8b495ab878be,A26-2L,Aztec,matched,
52,2,1,c6b94a96-8c3b-bf4c-6bde-35147eaf2b38,A26-1E,QR,matched,
52,2,2,92b94a96-8cce-8513-3f25-189af3e086e8,A26-3E,QR,matched,
52,2,3,0ab94a96-8b04-24ad-ccc8-1b71bec9da46,A26-1G,QR,matched,
52,2,4,3ab94a96-8ba6-d1e8-9e26-0a5276f27df1,A26-3G,QR,matched,
52,2,5,f8b94a96-89cc-91d3-ae2b-817c0b04ac21,A26-1H,QR,matched,
52,2,6,26b94a96-8a5b-e10b-0c1f-04ae6fb50c81,A26-3H,QR,matched,
52,2,7,fab94a96-886f-b7d8-4cc3-e4f24577ded9,A26-1J,QR,matched,
52,2,8,24b94a96-8913-7f76-38f8-3fa799f0b1cf,A26-3J,QR,matched,
52,2,9,84cbb20f-da89-d9e4-dc80-902d13cff439,A26-1K,Aztec,matched,
52,2,10,c2cbb20f-dad8-2ed2-676c-84ae5021503e,A26-1L,Aztec,matched,
